PLAYER,TEAM,AFFILIATION,YEAR,"ROUND
NUMBER","ROUND
PICK","OVERALL
PICK"
Victor Wembanyama,San Antonio Spurs,Metropolitans 92 (France),2023,1,1,1
Tristan Vukcevic,Washington Wizards,Real Madrid Baloncesto (Spain),2023,2,12,42
Trayce Jackson-Davis,Washington Wizards,Indiana,2023,2,27,57
Toumani Camara,Phoenix Suns,Dayton,2023,2,22,52
Taylor Hendricks,Utah Jazz,Central Florida,2023,1,9,9
Tarik Biberovic,Memphis Grizzlies,Fenerbahce S.K. (Turkey),2023,2,26,56
Sidy Cissoko,San Antonio Spurs,Ignite (G League),2023,2,14,44
Seth Lundy,Atlanta Hawks,Penn State,2023,2,16,46
Scoot Henderson,Portland Trail Blazers,Ignite (G League),2023,1,3,3
Rayan Rupert,Portland Trail Blazers,Breakers (New Zealand),2023,2,13,43
Olivier-Maxence Prosper,Sacramento Kings,Marquette,2023,1,24,24
Noah Clowney,Brooklyn Nets,Alabama,2023,1,21,21
Nick Smith Jr.,Charlotte Hornets,Arkansas,2023,1,27,27
Mouhamed Gueye,Charlotte Hornets,Washington State,2023,2,9,39
Mojave King,Los Angeles Lakers,Ignite (G League),2023,2,17,47
Maxwell Lewis,Denver Nuggets,Pepperdine,2023,2,10,40
Marcus Sasser,Memphis Grizzlies,Houston,2023,1,25,25
Leonard Miller,San Antonio Spurs,Ignite (G League),2023,2,3,33
Kris Murray,Portland Trail Blazers,Iowa,2023,1,23,23
Kobe Bufkin,Atlanta Hawks,Michigan,2023,1,15,15
Kobe Brown,LA Clippers,Missouri,2023,1,30,30
Keyonte George,Utah Jazz,Baylor,2023,1,16,16
Keyontae Johnson,Oklahoma City Thunder,Kansas State,2023,2,20,50
Julian Strawther,Indiana Pacers,Gonzaga,2023,1,29,29
Julian Phillips,Boston Celtics,Tennessee,2023,2,5,35
Jordan Walsh,Sacramento Kings,Arkansas,2023,2,8,38
Jordan Miller,LA Clippers,Miami (FL),2023,2,18,48
Jordan Hawkins,New Orleans Pelicans,Connecticut,2023,1,14,14
Jett Howard,Orlando Magic,Michigan,2023,1,11,11
Jaylen Clark,Minnesota Timberwolves,California-Los Angeles,2023,2,23,53
Jarace Walker,Washington Wizards,Houston,2023,1,8,8
James Nnaji,Detroit Pistons,FC Barcelona Basquet (Spain),2023,2,1,31
Jalen Wilson,Brooklyn Nets,Kansas,2023,2,21,51
Jalen Slawson,Sacramento Kings,Furman,2023,2,24,54
Jalen Pickett,Indiana Pacers,Penn State,2023,2,2,32
Jalen Hood-Schifino,Los Angeles Lakers,Indiana,2023,1,17,17
Jaime Jaquez Jr.,Miami Heat,California-Los Angeles,2023,1,18,18
Isaiah Wong,Indiana Pacers,Miami (FL),2023,2,25,55
Hunter Tyson,Oklahoma City Thunder,Clemson,2023,2,7,37
Gradey Dick,Toronto Raptors,Kansas,2023,1,13,13
GG Jackson,Memphis Grizzlies,South Carolina,2023,2,15,45
Emoni Bates,Cleveland Cavaliers,Eastern Michigan,2023,2,19,49
Dereck Lively II,Oklahoma City Thunder,Duke,2023,1,12,12
Dariq Whitehead,Brooklyn Nets,Duke,2023,1,22,22
Colby Jones,Charlotte Hornets,Xavier,2023,2,4,34
Chris Livingston,Milwaukee Bucks,Kentucky,2023,2,28,58
Cason Wallace,Dallas Mavericks,Kentucky,2023,1,10,10
Cam Whitmore,Houston Rockets,Villanova,2023,1,20,20
Brice Sensabaugh,Utah Jazz,Ohio State,2023,1,28,28
Brandon Miller,Charlotte Hornets,Alabama,2023,1,2,2
Brandin Podziemski,Golden State Warriors,Santa Clara,2023,1,19,19
Bilal Coulibaly,Indiana Pacers,Metropolitans 92 (France),2023,1,7,7
Ben Sheppard,Indiana Pacers,Belmont,2023,1,26,26
Ausar Thompson,Detroit Pistons,Overtime Elite,2023,1,5,5
Anthony Black,Orlando Magic,Arkansas,2023,1,6,6
Andre Jackson Jr.,Orlando Magic,Connecticut,2023,2,6,36
Amen Thompson,Houston Rockets,Overtime Elite,2023,1,4,4
Amari Bailey,Charlotte Hornets,California-Los Angeles,2023,2,11,41
Yannick Nzosa,Washington Wizards,Unicaja Baloncesto Malaga (Spain),2022,2,24,54
Wendell Moore Jr.,Dallas Mavericks,Duke,2022,1,26,26
Walker Kessler,Memphis Grizzlies,Auburn,2022,1,22,22
Vince Williams Jr.,Memphis Grizzlies,Virginia Commonwealth,2022,2,17,47
Tyrese Martin,Golden State Warriors,Connecticut,2022,2,21,51
TyTy Washington Jr.,Memphis Grizzlies,Kentucky,2022,1,29,29
Trevor Keels,New York Knicks,Duke,2022,2,12,42
Tari Eason,Houston Rockets,Louisiana State,2022,1,17,17
Shaedon Sharpe,Portland Trail Blazers,Kentucky,2022,1,7,7
Ryan Rollins,Atlanta Hawks,Toledo,2022,2,14,44
Peyton Watson,Oklahoma City Thunder,California-Los Angeles,2022,1,30,30
Patrick Baldwin Jr.,Golden State Warriors,Wisconsin-Milwaukee,2022,1,28,28
Paolo Banchero,Orlando Magic,Duke,2022,1,1,1
Ousmane Dieng,New York Knicks,Breakers (New Zealand),2022,1,11,11
Ochai Agbaji,Cleveland Cavaliers,Kansas,2022,1,14,14
Nikola Jovic,Miami Heat,KK Mega Leks (Serbia),2022,1,27,27
Moussa Diabate,LA Clippers,Michigan,2022,2,13,43
Max Christie,Los Angeles Lakers,Michigan State,2022,2,5,35
Matteo Spagnolo,Minnesota Timberwolves,Vanoli Cremona (Italy),2022,2,20,50
Mark Williams,Charlotte Hornets,Duke,2022,1,15,15
MarJon Beauchamp,Milwaukee Bucks,Ignite (G League),2022,1,24,24
Malaki Branham,San Antonio Spurs,Ohio State,2022,1,20,20
Luke Travers,Cleveland Cavaliers,Perth Wildcats (Australia),2022,2,26,56
Khalifa Diop,Cleveland Cavaliers,CB Gran Canaria (Spain),2022,2,9,39
Kennedy Chandler,San Antonio Spurs,Tennessee,2022,2,8,38
Kendall Brown,Minnesota Timberwolves,Baylor,2022,2,18,48
Keegan Murray,Sacramento Kings,Iowa,2022,1,4,4
Karlo Matkovic,New Orleans Pelicans,Mega Mozzart (Serbia),2022,2,22,52
Josh Minott,Charlotte Hornets,Memphis,2022,2,15,45
Johnny Davis,Washington Wizards,Wisconsin,2022,1,10,10
Jeremy Sochan,San Antonio Spurs,Baylor,2022,1,9,9
Jaylin Williams,Oklahoma City Thunder,Arkansas,2022,2,4,34
Jalen Williams,Oklahoma City Thunder,Santa Clara,2022,1,12,12
Jalen Duren,Charlotte Hornets,Memphis,2022,1,13,13
Jake LaRavia,Minnesota Timberwolves,Wake Forest,2022,1,19,19
Jaden Ivey,Detroit Pistons,Purdue,2022,1,5,5
Jaden Hardy,Sacramento Kings,Ignite (G League),2022,2,7,37
Jabari Walker,Portland Trail Blazers,Colorado,2022,2,27,57
Jabari Smith Jr.,Houston Rockets,Auburn,2022,1,3,3
JD Davison,Boston Celtics,Alabama,2022,2,23,53
Ismael Kamagate,Detroit Pistons,Paris (France),2022,2,16,46
Isaiah Mobley,Cleveland Cavaliers,Southern California,2022,2,19,49
Hugo Besson,Indiana Pacers,Breakers (New Zealand),2022,2,28,58
Gui Santos,Golden State Warriors,Associacao Atletica Ponte Preta (Brazil),2022,2,25,55
Gabriele Procida,Portland Trail Blazers,Fortitudo Pallacanestro Bologna (Italy),2022,2,6,36
E.J. Liddell,New Orleans Pelicans,Ohio State,2022,2,11,41
Dyson Daniels,New Orleans Pelicans,Ignite (G League),2022,1,8,8
David Roddy,Philadelphia 76ers,Colorado State,2022,1,23,23
Dalen Terry,Chicago Bulls,Arizona State,2022,1,18,18
Christian Koloko,Toronto Raptors,Arizona,2022,2,3,33
Christian Braun,Denver Nuggets,Kansas,2022,1,21,21
Chet Holmgren,Oklahoma City Thunder,Gonzaga,2022,1,2,2
Caleb Houstan,Orlando Magic,Michigan,2022,2,2,32
Bryce McGowens,Minnesota Timberwolves,Nebraska,2022,2,10,40
Blake Wesley,San Antonio Spurs,Notre Dame,2022,1,25,25
Bennedict Mathurin,Indiana Pacers,Arizona,2022,1,6,6
Andrew Nembhard,Indiana Pacers,Gonzaga,2022,2,1,31
AJ Griffin,Atlanta Hawks,Duke,2022,1,16,16
Ziaire Williams,New Orleans Pelicans,Stanford,2021,1,10,10
Usman Garuba,Houston Rockets,Madrid (ESP),2021,1,23,23
Trey Murphy III,Memphis Grizzlies,Virginia,2021,1,17,17
Tre Mann,Oklahoma City Thunder,Florida,2021,1,18,18
Sharife Cooper,Atlanta Hawks,Auburn,2021,2,18,48
Scottie Lewis,Charlotte Hornets,Florida,2021,2,26,56
Scottie Barnes,Toronto Raptors,Florida State,2021,1,4,4
Santi Aldama,Utah Jazz,Loyola-Maryland,2021,1,30,30
Sandro Mamukelashvili,Indiana Pacers,Seton Hall,2021,2,24,54
Rokas Jokubaitis,Oklahoma City Thunder,BC Zalgiris (Lithuania),2021,2,4,34
RaiQuan Gray,Brooklyn Nets,Florida State,2021,2,29,59
Quentin Grimes,LA Clippers,Houston,2021,1,25,25
Neemias Queta,Sacramento Kings,Utah State,2021,2,9,39
Moses Moody,Golden State Warriors,Arkansas,2021,1,14,14
Miles McBride,Oklahoma City Thunder,West Virginia,2021,2,6,36
Marcus Zegarowski,Brooklyn Nets,Creighton,2021,2,19,49
Luka Garza,Detroit Pistons,Iowa,2021,2,22,52
Kessler Edwards,Brooklyn Nets,Pepperdine,2021,2,14,44
Keon Johnson,New York Knicks,Tennessee,2021,1,21,21
Kai Jones,New York Knicks,Texas,2021,1,19,19
Juhann Begarin,Boston Celtics,Paris (France),2021,2,15,45
Joshua Primo,San Antonio Spurs,Alabama,2021,1,12,12
Josh Giddey,Oklahoma City Thunder,NBA Global Academy (Australia),2021,1,6,6
Josh Christopher,Houston Rockets,Arizona State,2021,1,24,24
Jonathan Kuminga,Golden State Warriors,Ignite (G League),2021,1,7,7
Joe Wieskamp,San Antonio Spurs,Iowa,2021,2,11,41
Jericho Sims,New York Knicks,Texas,2021,2,28,58
Jeremiah Robinson-Earl,New York Knicks,Villanova,2021,2,2,32
Jason Preston,Orlando Magic,Ohio,2021,2,3,33
Jared Butler,Sacramento Kings,Baylor,2021,2,10,40
James Bouknight,Charlotte Hornets,Connecticut,2021,1,11,11
Jalen Suggs,Orlando Magic,Gonzaga,2021,1,5,5
Jalen Johnson,Atlanta Hawks,Duke,2021,1,20,20
Jalen Green,Houston Rockets,Ignite (G League),2021,1,2,2
Jaden Springer,Philadelphia 76ers,Tennessee,2021,1,28,28
JT Thor,Detroit Pistons,Auburn,2021,2,7,37
Isaiah Todd,Milwaukee Bucks,Ignite (G League),2021,2,1,31
Isaiah Livers,Detroit Pistons,Michigan,2021,2,12,42
Isaiah Jackson,Los Angeles Lakers,Kentucky,2021,1,22,22
Herbert Jones,New Orleans Pelicans,Alabama,2021,2,5,35
Greg Brown III,New Orleans Pelicans,Texas,2021,2,13,43
Georgios Kalaitzakis,Indiana Pacers,BC Nevezis (Greece),2021,2,30,60
Franz Wagner,Orlando Magic,Michigan,2021,1,8,8
Filip Petrusev,Philadelphia 76ers,KK Mega Leks (Serbia),2021,2,20,50
Evan Mobley,Cleveland Cavaliers,Southern California,2021,1,3,3
Day'Ron Sharpe,Phoenix Suns,North Carolina,2021,1,29,29
Davion Mitchell,Sacramento Kings,Baylor,2021,1,9,9
David Johnson,Toronto Raptors,Louisville,2021,2,17,47
Dalano Banton,Toronto Raptors,Nebraska,2021,2,16,46
Corey Kispert,Washington Wizards,Gonzaga,2021,1,15,15
Chris Duarte,Indiana Pacers,Oregon,2021,1,13,13
Charles Bassey,Philadelphia 76ers,Western Kentucky,2021,2,23,53
Cam Thomas,Brooklyn Nets,Louisiana State,2021,1,27,27
Cade Cunningham,Detroit Pistons,Oklahoma State,2021,1,1,1
Brandon Boston Jr.,Memphis Grizzlies,Kentucky,2021,2,21,51
Bones Hyland,Denver Nuggets,Virginia Commonwealth,2021,1,26,26
Balsa Koprivica,Charlotte Hornets,Florida State,2021,2,27,57
Ayo Dosunmu,Chicago Bulls,Illinois,2021,2,8,38
Alperen Sengun,Oklahoma City Thunder,Besiktas (Turkey),2021,1,16,16
Aaron Wiggins,Oklahoma City Thunder,Maryland,2021,2,25,55
Zeke Nnaji,Denver Nuggets,Arizona,2020,1,22,22
Yam Madar,Boston Celtics,Hapoel Galil Elyon (Israel),2020,2,17,47
Xavier Tillman,Sacramento Kings,Michigan State,2020,2,5,35
Vit Krejci,Washington Wizards,Basket Zaragoza 2002 (Spain),2020,2,7,37
Vernon Carey Jr.,Charlotte Hornets,Duke,2020,2,2,32
Udoka Azubuike,Utah Jazz,Kansas,2020,1,27,27
Tyrese Maxey,Philadelphia 76ers,Kentucky,2020,1,21,21
Tyrese Haliburton,Sacramento Kings,Iowa State,2020,1,12,12
Tyrell Terry,Dallas Mavericks,Stanford,2020,2,1,31
Tyler Bey,Philadelphia 76ers,Colorado,2020,2,6,36
Tre Jones,San Antonio Spurs,Duke,2020,2,11,41
Theo Maledon,Philadelphia 76ers,ASVEL Basket (France),2020,2,4,34
Skylar Mays,Atlanta Hawks,Louisiana State,2020,2,20,50
Sam Merrill,New Orleans Pelicans,Utah State,2020,2,30,60
Saddiq Bey,Brooklyn Nets,Villanova,2020,1,19,19
Saben Lee,Utah Jazz,Vanderbilt,2020,2,8,38
Robert Woodard II,Memphis Grizzlies,Mississippi State,2020,2,10,40
Reggie Perry,LA Clippers,Mississippi State,2020,2,27,57
R.J. Hampton,Milwaukee Bucks,Breakers (New Zealand),2020,1,24,24
Precious Achiuwa,Miami Heat,Memphis,2020,1,20,20
Payton Pritchard,Boston Celtics,Oregon,2020,1,26,26
Paul Reed,Philadelphia 76ers,DePaul,2020,2,28,58
Patrick Williams,Chicago Bulls,Florida State,2020,1,4,4
Onyeka Okongwu,Atlanta Hawks,Southern California,2020,1,6,6
Obi Toppin,New York Knicks,Dayton,2020,1,8,8
Nico Mannion,Golden State Warriors,Arizona,2020,2,18,48
Nick Richards,New Orleans Pelicans,Kentucky,2020,2,12,42
Marko Simonovic,Chicago Bulls,KK Mega Leks (Serbia),2020,2,14,44
Malachi Flynn,Toronto Raptors,San Diego State,2020,1,29,29
Leandro Bolmaro,New York Knicks,FC Barcelona Basquet (Spain),2020,1,23,23
LaMelo Ball,Charlotte Hornets,Illawarra (Australia),2020,1,3,3
Kira Lewis Jr.,New Orleans Pelicans,Alabama,2020,1,13,13
Killian Hayes,Detroit Pistons,Ratiopharm Ulm (Germany),2020,1,7,7
KJ Martin,Sacramento Kings,IMG Academy,2020,2,22,52
Justinian Jessup,Golden State Warriors,Boise State,2020,2,21,51
Josh Green,Dallas Mavericks,Arizona,2020,1,18,18
Jordan Nwora,Milwaukee Bucks,Louisville,2020,2,15,45
Jay Scrubb,Brooklyn Nets,John A. Logan,2020,2,25,55
James Wiseman,Golden State Warriors,Memphis,2020,1,2,2
Jalen Smith,Phoenix Suns,Maryland,2020,1,10,10
Jalen Harris,Toronto Raptors,Nevada-Reno,2020,2,29,59
Jahmi'us Ramsey,Sacramento Kings,Texas Tech,2020,2,13,43
Jaden McDaniels,Los Angeles Lakers,Washington,2020,1,28,28
Isaiah Stewart,Portland Trail Blazers,Washington,2020,1,16,16
Isaiah Joe,Philadelphia 76ers,Arkansas,2020,2,19,49
Isaac Okoro,Cleveland Cavaliers,Auburn,2020,1,5,5
Immanuel Quickley,Oklahoma City Thunder,Kentucky,2020,1,25,25
Grant Riller,Charlotte Hornets,College of Charleston,2020,2,26,56
Elijah Hughes,New Orleans Pelicans,Syracuse,2020,2,9,39
Devin Vassell,San Antonio Spurs,Florida State,2020,1,11,11
Zion Williamson,New Orleans Pelicans,Duke,2019,1,1,1
Vanja Marinkovic,Sacramento Kings,KK Partizan (Serbia),2019,2,30,60
Tyler Herro,Miami Heat,Kentucky,2019,1,13,13
Ty Jerome,Philadelphia 76ers,Virginia,2019,1,24,24
Tremont Waters,Boston Celtics,Louisiana State,2019,2,21,51
Terance Mann,LA Clippers,Florida State,2019,2,18,48
Talen Horton-Tucker,Orlando Magic,Iowa State,2019,2,16,46
Sekou Doumbouya,Detroit Pistons,Limoges CSP (France),2019,1,15,15
Rui Hachimura,Washington Wizards,Gonzaga,2019,1,9,9
Romeo Langford,Boston Celtics,Indiana,2019,1,14,14
RJ Barrett,New York Knicks,Duke,2019,1,3,3
Quinndary Weatherspoon,San Antonio Spurs,Mississippi State,2019,2,19,49
P.J. Washington,Charlotte Hornets,Kentucky,2019,1,12,12
Nickeil Alexander-Walker,Brooklyn Nets,Virginia Tech,2019,1,17,17
Nic Claxton,Brooklyn Nets,Georgia,2019,2,1,31
Nassir Little,Portland Trail Blazers,North Carolina,2019,1,25,25
Miye Oni,Golden State Warriors,Yale,2019,2,28,58
Mfiondu Kabengele,Brooklyn Nets,Florida State,2019,1,27,27
Matisse Thybulle,Boston Celtics,Washington,2019,1,20,20
Marial Shayok,Philadelphia 76ers,Virginia,2019,2,24,54
Luka Samanic,San Antonio Spurs,KK Olimpija (Slovenia),2019,1,19,19
Kyle Guy,New York Knicks,Virginia,2019,2,25,55
Kevin Porter Jr.,Milwaukee Bucks,Southern California,2019,1,30,30
Keldon Johnson,San Antonio Spurs,Kentucky,2019,1,29,29
KZ Okpala,Phoenix Suns,Stanford,2019,2,2,32
Justin Wright-Foreman,Utah Jazz,Hofstra,2019,2,23,53
Justin James,Sacramento Kings,Wyoming,2019,2,10,40
Jordan Poole,Golden State Warriors,Michigan,2019,1,28,28
Jordan Bone,New Orleans Pelicans,Tennessee,2019,2,27,57
Jaylen Nowell,Minnesota Timberwolves,Washington,2019,2,13,43
Jaylen Hands,LA Clippers,California-Los Angeles,2019,2,26,56
Jaxson Hayes,Atlanta Hawks,Texas,2019,1,8,8
Jarrett Culver,Phoenix Suns,Texas Tech,2019,1,6,6
Jarrell Brantley,Indiana Pacers,College of Charleston,2019,2,20,50
Jalen McDaniels,Charlotte Hornets,San Diego,2019,2,22,52
Ja Morant,Memphis Grizzlies,Murray State,2019,1,2,2
Isaiah Roby,Detroit Pistons,Nebraska,2019,2,15,45
Ignas Brazdeikis,Sacramento Kings,Michigan,2019,2,17,47
Grant Williams,Boston Celtics,Tennessee,2019,1,22,22
Goga Bitadze,Indiana Pacers,KK Mega Leks (Serbia),2019,1,18,18
Eric Paschall,Golden State Warriors,Villanova,2019,2,11,41
Dylan Windler,Cleveland Cavaliers,Belmont,2019,1,26,26
Didi Louzada,Atlanta Hawks,Sesi Franca (Brazil),2019,2,5,35
Dewan Hernandez,Toronto Raptors,Miami (FL),2019,2,29,59
Deividas Sirvydis,Dallas Mavericks,BC Lietuvos rytas (Lithuania),2019,2,7,37
De'Andre Hunter,Los Angeles Lakers,Virginia,2019,1,4,4
Darius Garland,Cleveland Cavaliers,Vanderbilt,2019,1,5,5
Darius Bazley,Utah Jazz,Princeton,2019,1,23,23
Daniel Gafford,Chicago Bulls,Arkansas,2019,2,8,38
Cody Martin,Charlotte Hornets,North Carolina State,2019,2,6,36
Coby White,Chicago Bulls,North Carolina,2019,1,7,7
Chuma Okeke,Orlando Magic,Auburn,2019,1,16,16
Carsen Edwards,Philadelphia 76ers,Purdue,2019,2,3,33
Cameron Johnson,Minnesota Timberwolves,North Carolina,2019,1,11,11
Cam Reddish,Atlanta Hawks,Duke,2019,1,10,10
Bruno Fernando,Philadelphia 76ers,Maryland,2019,2,4,34
Brandon Clarke,Oklahoma City Thunder,Gonzaga,2019,1,21,21
Bol Bol,Miami Heat,Oregon,2019,2,14,44
Alen Smailagic,New Orleans Pelicans,Santa Cruz (G League),2019,2,9,39
Admiral Schofield,Philadelphia 76ers,Tennessee,2019,2,12,42
Zhaire Smith,Phoenix Suns,Texas Tech,2018,1,16,16
Wendell Carter Jr.,Chicago Bulls,Duke,2018,1,7,7
Vincent Edwards,Utah Jazz,Purdue,2018,2,22,52
Troy Brown Jr.,Washington Wizards,Oregon,2018,1,15,15
Trae Young,Dallas Mavericks,Oklahoma,2018,1,5,5
Tony Carr,New Orleans Pelicans,Penn State,2018,2,21,51
Thomas Welsh,Denver Nuggets,California-Los Angeles,2018,2,28,58
Svi Mykhailiuk,Los Angeles Lakers,Kansas,2018,2,17,47
Shake Milton,Dallas Mavericks,Southern Methodist,2018,2,24,54
Shai Gilgeous-Alexander,Charlotte Hornets,Kentucky,2018,1,11,11
Rodions Kurucs,Brooklyn Nets,FC Barcelona Basquet (Spain),2018,2,10,40
Robert Williams III,Boston Celtics,Texas A&M,2018,1,27,27
Ray Spalding,Philadelphia 76ers,Louisville,2018,2,26,56
Omari Spellman,Atlanta Hawks,Villanova,2018,1,30,30
Moritz Wagner,Los Angeles Lakers,Michigan,2018,1,25,25
Mo Bamba,Orlando Magic,Texas,2018,1,6,6
Mitchell Robinson,New York Knicks,,2018,2,6,36
Miles Bridges,LA Clippers,Michigan State,2018,1,12,12
Mikal Bridges,Philadelphia 76ers,Villanova,2018,1,10,10
Michael Porter Jr.,Denver Nuggets,Missouri,2018,1,14,14
Melvin Frazier Jr.,Orlando Magic,Tulane,2018,2,5,35
Marvin Bagley III,Sacramento Kings,Duke,2018,1,2,2
Luka Doncic,Atlanta Hawks,Real Madrid Baloncesto (Spain),2018,1,3,3
Lonnie Walker IV,San Antonio Spurs,Miami (FL),2018,1,18,18
Landry Shamet,Philadelphia 76ers,Wichita State,2018,1,26,26
Kostas Antetokounmpo,Philadelphia 76ers,Dayton,2018,2,30,60
Khyri Thomas,Philadelphia 76ers,Creighton,2018,2,8,38
Kevin Knox II,New York Knicks,Kentucky,2018,1,9,9
Kevin Huerter,Atlanta Hawks,Maryland,2018,1,19,19
Kevin Hervey,Oklahoma City Thunder,Texas-Arlington,2018,2,27,57
Keita Bates-Diop,Minnesota Timberwolves,Ohio State,2018,2,18,48
Justin Jackson,Denver Nuggets,Maryland,2018,2,13,43
Josh Okogie,Minnesota Timberwolves,Georgia Tech,2018,1,20,20
Jevon Carter,Memphis Grizzlies,West Virginia,2018,2,2,32
Jerome Robinson,LA Clippers,Boston College,2018,1,13,13
Jarred Vanderbilt,Orlando Magic,Kentucky,2018,2,11,41
Jaren Jackson Jr.,Memphis Grizzlies,Michigan State,2018,1,4,4
Jalen Brunson,Dallas Mavericks,Villanova,2018,2,3,33
Jacob Evans,Golden State Warriors,Cincinnati,2018,1,28,28
Issuf Sanon,Washington Wizards,KK Olimpija (Slovenia),2018,2,14,44
Isaac Bonga,Philadelphia 76ers,Fraport Skyliners (Germany),2018,2,9,39
Hamidou Diallo,Brooklyn Nets,Kentucky,2018,2,15,45
Grayson Allen,Utah Jazz,Duke,2018,1,21,21
George King,Phoenix Suns,Colorado,2018,2,29,59
Gary Trent Jr.,Sacramento Kings,Duke,2018,2,7,37
Elie Okobo,Phoenix Suns,Elan Bearnais Pau-Orthez (France),2018,2,1,31
Dzanan Musa,Brooklyn Nets,KK Cedevita (Croatia),2018,1,29,29
Donte DiVincenzo,Milwaukee Bucks,Villanova,2018,1,17,17
Devonte' Graham,Atlanta Hawks,Kansas,2018,2,4,34
Devon Hall,Oklahoma City Thunder,Virginia,2018,2,23,53
Deandre Ayton,Phoenix Suns,Arizona,2018,1,1,1
De'Anthony Melton,Houston Rockets,Southern California,2018,2,16,46
Collin Sexton,Cleveland Cavaliers,Alabama,2018,1,8,8
Chimezie Metu,Milwaukee Bucks,Southern California,2018,2,19,49
Chandler Hutchison,Chicago Bulls,Boise State,2018,1,22,22
Bruce Brown,Detroit Pistons,Miami (FL),2018,2,12,42
Arnoldas Kulboka,Charlotte Hornets,Brose Bamberg (Germany),2018,2,25,55
Anfernee Simons,Portland Trail Blazers,IMG Academy,2018,1,24,24
Alize Johnson,Indiana Pacers,Missouri State,2018,2,20,50
Aaron Holiday,Indiana Pacers,California-Los Angeles,2018,1,23,23
Zach Collins,Sacramento Kings,Gonzaga,2017,1,10,10
Wes Iwundu,Orlando Magic,Kansas State,2017,2,3,33
Vlatko Cancar,Denver Nuggets,KK Mega Leks (Serbia),2017,2,19,49
Tyler Lydon,Utah Jazz,Syracuse,2017,1,24,24
Tyler Dorsey,Atlanta Hawks,Oregon,2017,2,11,41
Tony Bradley,Los Angeles Lakers,North Carolina,2017,1,28,28
Thomas Bryant,Utah Jazz,Indiana,2017,2,12,42
Terrance Ferguson,Oklahoma City Thunder,Adelaide 36ers (Australia),2017,1,21,21
T.J. Leaf,Indiana Pacers,California-Los Angeles,2017,1,18,18
Sterling Brown,Philadelphia 76ers,Southern Methodist,2017,2,16,46
Sindarius Thornwell,Milwaukee Bucks,South Carolina,2017,2,18,48
Semi Ojeleye,Boston Celtics,Southern Methodist,2017,2,7,37
Sasha Vezenkov,Brooklyn Nets,FC Barcelona Basquet (Spain),2017,2,27,57
Ognjen Jaramaz,New York Knicks,KK Mega Leks (Serbia),2017,2,28,58
OG Anunoby,Toronto Raptors,Indiana,2017,1,23,23
Nigel Williams-Goss,Utah Jazz,Gonzaga,2017,2,25,55
Monte Morris,Denver Nuggets,Iowa State,2017,2,21,51
Mathias Lessort,Philadelphia 76ers,Nanterre 92 (France),2017,2,20,50
Markelle Fultz,Philadelphia 76ers,Washington,2017,1,1,1
Malik Monk,Charlotte Hornets,Kentucky,2017,1,11,11
Luke Kennard,Detroit Pistons,Duke,2017,1,12,12
Lonzo Ball,Los Angeles Lakers,California-Los Angeles,2017,1,2,2
Lauri Markkanen,Minnesota Timberwolves,Arizona,2017,1,7,7
Kyle Kuzma,Brooklyn Nets,Utah,2017,1,27,27
Kadeem Allen,Boston Celtics,Arizona,2017,2,23,53
Justin Patton,Chicago Bulls,Creighton,2017,1,16,16
Justin Jackson,Portland Trail Blazers,North Carolina,2017,1,15,15
Josh Jackson,Phoenix Suns,Kansas,2017,1,4,4
Josh Hart,Utah Jazz,Villanova,2017,1,30,30
Jordan Bell,Chicago Bulls,Oregon,2017,2,8,38
Jonathan Isaac,Orlando Magic,Florida State,2017,1,6,6
Jonah Bolden,Philadelphia 76ers,Red Star Belgrade (Serbia),2017,2,6,36
John Collins,Atlanta Hawks,Wake Forest,2017,1,19,19
Jayson Tatum,Boston Celtics,Duke,2017,1,3,3
Jawun Evans,Philadelphia 76ers,Oklahoma State,2017,2,9,39
Jarrett Allen,Brooklyn Nets,Texas,2017,1,22,22
Jaron Blossomgame,San Antonio Spurs,Clemson,2017,2,29,59
Jabari Bird,Boston Celtics,California,2017,2,26,56
Ivan Rabb,Orlando Magic,California,2017,2,5,35
Isaiah Hartenstein,Houston Rockets,BC Zalgiris (Lithuania),2017,2,13,43
Ike Anigbogu,Indiana Pacers,California-Los Angeles,2017,2,17,47
Harry Giles III,Portland Trail Blazers,Duke,2017,1,20,20
Frank Ntilikina,New York Knicks,SIG Strasbourg (France),2017,1,8,8
Frank Mason III,Sacramento Kings,Kansas,2017,2,4,34
Frank Jackson,Charlotte Hornets,Duke,2017,2,1,31
Edmond Sumner,New Orleans Pelicans,Xavier,2017,2,22,52
Dwayne Bacon,New Orleans Pelicans,Florida State,2017,2,10,40
Donovan Mitchell,Denver Nuggets,Louisville,2017,1,13,13
Dillon Brooks,Houston Rockets,Oregon,2017,2,15,45
Derrick White,San Antonio Spurs,Colorado,2017,1,29,29
Dennis Smith Jr.,Dallas Mavericks,North Carolina State,2017,1,9,9
De'Aaron Fox,Sacramento Kings,Kentucky,2017,1,5,5
Davon Reed,Phoenix Suns,Miami (FL),2017,2,2,32
Damyean Dotson,New York Knicks,Houston,2017,2,14,44
D.J. Wilson,Milwaukee Bucks,Michigan,2017,1,17,17
Caleb Swanigan,Portland Trail Blazers,Purdue,2017,1,26,26
Bam Adebayo,Miami Heat,Kentucky,2017,1,14,14
Anzejs Pasecniks,Orlando Magic,CB Gran Canaria (Spain),2017,1,25,25
Alpha Kaba,Atlanta Hawks,KK Mega Leks (Serbia),2017,2,30,60
Alec Peters,Phoenix Suns,Valparaiso,2017,2,24,54
Ben Simmons,Philadelphia 76ers,Louisiana State,2016,1,1,1
Brandon Ingram,Los Angeles Lakers,Duke,2016,1,2,2
Jaylen Brown,Boston Celtics,California,2016,1,3,3
Dragan Bender,Phoenix Suns,Maccabi Tel Aviv B.C. (Israel),2016,1,4,4
Kris Dunn,Minnesota Timberwolves,Providence,2016,1,5,5
Buddy Hield,New Orleans Pelicans,Oklahoma,2016,1,6,6
Jamal Murray,Denver Nuggets,Kentucky,2016,1,7,7
Marquese Chriss,Phoenix Suns,Washington,2016,1,8,8
Jakob Poeltl,Toronto Raptors,Utah,2016,1,9,9
Thon Maker,Milwaukee Bucks,,2016,1,10,10
Domantas Sabonis,Oklahoma City Thunder,Gonzaga,2016,1,11,11
Taurean Prince,Utah Jazz,Baylor,2016,1,12,12
Georgios Papagiannis,Sacramento Kings,Panathinaikos B.C. (Greece),2016,1,13,13
Denzel Valentine,Chicago Bulls,Michigan State,2016,1,14,14
Juancho Hernangomez,Denver Nuggets,Movistar Estudiantes,2016,1,15,15
Guerschon Yabusele,Boston Celtics,SPO Rouen Basket,2016,1,16,16
Wade Baldwin IV,Memphis Grizzlies,Vanderbilt,2016,1,17,17
Henry Ellenson,Detroit Pistons,Marquette,2016,1,18,18
Malik Beasley,Denver Nuggets,Florida State,2016,1,19,19
Caris LeVert,Indiana Pacers,Michigan,2016,1,20,20
DeAndre' Bembry,Atlanta Hawks,Saint Joseph's,2016,1,21,21
Malachi Richardson,Charlotte Hornets,Syracuse,2016,1,22,22
Ante Zizic,Boston Celtics,KK Cibona (Croatia),2016,1,23,23
Timothe Luwawu-Cabarrot,Philadelphia 76ers,KK Mega Vizura,2016,1,24,24
Brice Johnson,LA Clippers,North Carolina,2016,1,25,25
Furkan Korkmaz,Philadelphia 76ers,Anadolu Efes S.K. (Turkey),2016,1,26,26
Pascal Siakam,Toronto Raptors,New Mexico State,2016,1,27,27
Skal Labissiere,Sacramento Kings,Kentucky,2016,1,28,28
Dejounte Murray,San Antonio Spurs,Washington,2016,1,29,29
Damian Jones,Golden State Warriors,Vanderbilt,2016,1,30,30
Deyonta Davis,Boston Celtics,Michigan State,2016,2,1,31
Ivica Zubac,Los Angeles Lakers,KK Mega Vizura,2016,2,2,32
Cheick Diallo,LA Clippers,Kansas,2016,2,3,33
Tyler Ulis,Phoenix Suns,Kentucky,2016,2,4,34
Rade Zagorac,Boston Celtics,KK Mega Vizura,2016,2,5,35
Malcolm Brogdon,Milwaukee Bucks,Virginia,2016,2,6,36
Chinanu Onuaku,Houston Rockets,Louisville,2016,2,7,37
Patrick McCaw,Golden State Warriors,Nevada-Las Vegas,2016,2,8,38
David Michineau,New Orleans Pelicans,Elan Chalon (France),2016,2,9,39
Diamond Stone,New Orleans Pelicans,Maryland,2016,2,10,40
Stephen Zimmerman,Orlando Magic,Nevada-Las Vegas,2016,2,11,41
Isaiah Whitehead,Brooklyn Nets,Seton Hall,2016,2,12,42
Zhou Qi,Houston Rockets,Xinjiang Guanghui,2016,2,13,43
Isaia Cordinier,Atlanta Hawks,Denain ASC Voltaire,2016,2,14,44
Demetrius Jackson,Boston Celtics,Notre Dame,2016,2,15,45
AJ Hammons,Dallas Mavericks,Purdue,2016,2,16,46
Jake Layman,Orlando Magic,Maryland,2016,2,17,47
Paul Zipser,Chicago Bulls,FC Bayern Muenchen,2016,2,18,48
Michael Gbinije,Detroit Pistons,Syracuse,2016,2,19,49
Georges Niang,Indiana Pacers,Iowa State,2016,2,20,50
Ben Bentil,Boston Celtics,Providence,2016,2,21,51
Joel Bolomboy,Utah Jazz,Weber State,2016,2,22,52
Petr Cornelie,Denver Nuggets,Le Mans Sarthe Basket (France),2016,2,23,53
Kay Felder,Atlanta Hawks,Oakland,2016,2,24,54
Marcus Paige,Utah Jazz,North Carolina,2016,2,25,55
Daniel Hamilton,Denver Nuggets,Connecticut,2016,2,26,56
Wang Zhelin,Memphis Grizzlies,Fujian,2016,2,27,57
Abdel Nader,Boston Celtics,Iowa State,2016,2,28,58
Isaiah Cousins,Sacramento Kings,Oklahoma,2016,2,29,59
Tyrone Wallace,Utah Jazz,California,2016,2,30,60
Karl-Anthony Towns,Minnesota Timberwolves,Kentucky,2015,1,1,1
D'Angelo Russell,Los Angeles Lakers,Ohio State,2015,1,2,2
Jahlil Okafor,Philadelphia 76ers,Duke,2015,1,3,3
Kristaps Porzingis,New York Knicks,CB Sevilla (Spain),2015,1,4,4
Mario Hezonja,Orlando Magic,FC Barcelona Basquet (Spain),2015,1,5,5
Willie Cauley-Stein,Sacramento Kings,Kentucky,2015,1,6,6
Emmanuel Mudiay,Denver Nuggets,Guangdong Southern Tigers (China),2015,1,7,7
Stanley Johnson,Detroit Pistons,Arizona,2015,1,8,8
Frank Kaminsky,Charlotte Hornets,Wisconsin,2015,1,9,9
Justise Winslow,Miami Heat,Duke,2015,1,10,10
Myles Turner,Indiana Pacers,Texas,2015,1,11,11
Trey Lyles,Utah Jazz,Kentucky,2015,1,12,12
Devin Booker,Phoenix Suns,Kentucky,2015,1,13,13
Cameron Payne,Oklahoma City Thunder,Murray State,2015,1,14,14
Kelly Oubre Jr.,Atlanta Hawks,Kansas,2015,1,15,15
Terry Rozier,Boston Celtics,Louisville,2015,1,16,16
Rashad Vaughn,Milwaukee Bucks,Nevada-Las Vegas,2015,1,17,17
Sam Dekker,Houston Rockets,Wisconsin,2015,1,18,18
Jerian Grant,Washington Wizards,Notre Dame,2015,1,19,19
Delon Wright,Toronto Raptors,Utah,2015,1,20,20
Justin Anderson,Dallas Mavericks,Virginia,2015,1,21,21
Bobby Portis,Chicago Bulls,Arkansas,2015,1,22,22
Rondae Hollis-Jefferson,Portland Trail Blazers,Arizona,2015,1,23,23
Tyus Jones,Cleveland Cavaliers,Duke,2015,1,24,24
Jarell Martin,Memphis Grizzlies,Louisiana State,2015,1,25,25
Nikola Milutinov,San Antonio Spurs,KK Partizan (Serbia),2015,1,26,26
Larry Nance Jr.,Los Angeles Lakers,Wyoming,2015,1,27,27
RJ Hunter,Boston Celtics,Georgia State,2015,1,28,28
Chris McCullough,Brooklyn Nets,Syracuse,2015,1,29,29
Kevon Looney,Golden State Warriors,California-Los Angeles,2015,1,30,30
Cedi Osman,Minnesota Timberwolves,Anadolu Efes S.K. (Turkey),2015,2,1,31
Montrezl Harrell,Houston Rockets,Louisville,2015,2,2,32
Jordan Mickey,Boston Celtics,Louisiana State,2015,2,3,33
Anthony Brown,Los Angeles Lakers,Stanford,2015,2,4,34
Willy Hernangomez,Philadelphia 76ers,CB Sevilla (Spain),2015,2,5,35
Rakeem Christmas,Minnesota Timberwolves,Syracuse,2015,2,6,36
Richaun Holmes,Philadelphia 76ers,Bowling Green,2015,2,7,37
Darrun Hilliard,Detroit Pistons,Villanova,2015,2,8,38
Juan Pablo Vaulet,Charlotte Hornets,Bahia Basket (Argentina),2015,2,9,39
Josh Richardson,Miami Heat,Tennessee,2015,2,10,40
Pat Connaughton,Brooklyn Nets,Notre Dame,2015,2,11,41
Olivier Hanlan,Utah Jazz,Boston College,2015,2,12,42
Joe Young,Indiana Pacers,Oregon,2015,2,13,43
Andrew Harrison,Phoenix Suns,Kentucky,2015,2,14,44
Marcus Thornton,Boston Celtics,William & Mary,2015,2,15,45
Norman Powell,Milwaukee Bucks,California-Los Angeles,2015,2,16,46
Arturas Gudaitis,Philadelphia 76ers,BC Zalgiris (Lithuania),2015,2,17,47
Dakari Johnson,Oklahoma City Thunder,Kentucky,2015,2,18,48
Aaron White,Washington Wizards,Iowa,2015,2,19,49
Marcus Eriksson,Atlanta Hawks,FC Barcelona Basquet (Spain),2015,2,20,50
Tyler Harvey,Orlando Magic,Eastern Washington,2015,2,21,51
Satnam Singh,Dallas Mavericks,IMG Academy,2015,2,22,52
Sir'Dominic Pointer,Cleveland Cavaliers,St. John's (NY),2015,2,23,53
Daniel Diez,Utah Jazz,San Sebastian Gipuzkoa BC (Spain),2015,2,24,54
Cady Lalanne,San Antonio Spurs,Massachusetts,2015,2,25,55
Branden Dawson,New Orleans Pelicans,Michigan State,2015,2,26,56
Nikola Radicevic,Denver Nuggets,CB Sevilla (Spain),2015,2,27,57
JP Tokoto,Philadelphia 76ers,North Carolina,2015,2,28,58
Dimitrios Agravanis,Atlanta Hawks,Olympiacos B.C. (Greece),2015,2,29,59
Luka Mitrovic,Philadelphia 76ers,Red Star Belgrade (Serbia),2015,2,30,60
Andrew Wiggins,Cleveland Cavaliers,Kansas,2014,1,1,1
Jabari Parker,Milwaukee Bucks,Duke,2014,1,2,2
Joel Embiid,Philadelphia 76ers,Kansas,2014,1,3,3
Aaron Gordon,Orlando Magic,Arizona,2014,1,4,4
Dante Exum,Utah Jazz,Australian Institute of Sport (Australia),2014,1,5,5
Marcus Smart,Boston Celtics,Oklahoma State,2014,1,6,6
Julius Randle,Los Angeles Lakers,Kentucky,2014,1,7,7
Nik Stauskas,Sacramento Kings,Michigan,2014,1,8,8
Noah Vonleh,Charlotte Hornets,Indiana,2014,1,9,9
Elfrid Payton,Philadelphia 76ers,Louisiana-Lafayette,2014,1,10,10
Doug McDermott,Denver Nuggets,Creighton,2014,1,11,11
Dario Saric,Orlando Magic,KK Cibona (Croatia),2014,1,12,12
Zach LaVine,Minnesota Timberwolves,California-Los Angeles,2014,1,13,13
T.J. Warren,Phoenix Suns,North Carolina State,2014,1,14,14
Adreian Payne,Atlanta Hawks,Michigan State,2014,1,15,15
Jusuf Nurkic,Chicago Bulls,KK Cedevita (Croatia),2014,1,16,16
James Young,Boston Celtics,Kentucky,2014,1,17,17
Tyler Ennis,Phoenix Suns,Syracuse,2014,1,18,18
Gary Harris,Chicago Bulls,Michigan State,2014,1,19,19
Bruno Caboclo,Toronto Raptors,Esporte Clube Pinheiros (Brazil),2014,1,20,20
Mitch McGary,Oklahoma City Thunder,Michigan,2014,1,21,21
Jordan Adams,Memphis Grizzlies,California-Los Angeles,2014,1,22,22
Rodney Hood,Utah Jazz,Duke,2014,1,23,23
Shabazz Napier,Charlotte Hornets,Connecticut,2014,1,24,24
Clint Capela,Houston Rockets,Elan Chalon (France),2014,1,25,25
PJ Hairston,Miami Heat,Texas Legends (D-League),2014,1,26,26
Bogdan Bogdanovic,Phoenix Suns,KK Partizan (Serbia),2014,1,27,27
C.J. Wilcox,Los Angeles Clippers,Washington,2014,1,28,28
Josh Huestis,Oklahoma City Thunder,Stanford,2014,1,29,29
Kyle Anderson,San Antonio Spurs,California-Los Angeles,2014,1,30,30
Damien Inglis,Milwaukee Bucks,Chorale Roanne Basket (France),2014,2,1,31
KJ McDaniels,Philadelphia 76ers,Clemson,2014,2,2,32
Joe Harris,Cleveland Cavaliers,Virginia,2014,2,3,33
Cleanthony Early,New York Knicks,Wichita State,2014,2,4,34
Jarnell Stokes,Utah Jazz,Tennessee,2014,2,5,35
Johnny O'Bryant III,Milwaukee Bucks,Louisiana State,2014,2,6,36
DeAndre Daniels,Toronto Raptors,Connecticut,2014,2,7,37
Spencer Dinwiddie,Detroit Pistons,Colorado,2014,2,8,38
Jerami Grant,Philadelphia 76ers,Syracuse,2014,2,9,39
Glenn Robinson III,Minnesota Timberwolves,Michigan,2014,2,10,40
Nikola Jokic,Denver Nuggets,KK Mega Leks (Serbia),2014,2,11,41
Nick Johnson,Houston Rockets,Arizona,2014,2,12,42
Edy Tavares,Atlanta Hawks,CB Gran Canaria (Spain),2014,2,13,43
Markel Brown,Minnesota Timberwolves,Oklahoma State,2014,2,14,44
Dwight Powell,Charlotte Hornets,Stanford,2014,2,15,45
Jordan Clarkson,Washington Wizards,Missouri,2014,2,16,46
Russ Smith,Philadelphia 76ers,Louisville,2014,2,17,47
Lamar Patterson,Milwaukee Bucks,Pittsburgh,2014,2,18,48
Cameron Bairstow,Chicago Bulls,New Mexico,2014,2,19,49
Alec Brown,Phoenix Suns,Wisconsin-Green Bay,2014,2,20,50
Thanasis Antetokounmpo,New York Knicks,Delaware 87ers (D-League),2014,2,21,51
Vasilije Micic,Philadelphia 76ers,KK Mega Leks (Serbia),2014,2,22,52
Alessandro Gentile,Minnesota Timberwolves,Olimpia Milano (Italy),2014,2,23,53
Nemanja Dangubic,Philadelphia 76ers,KK Mega Leks (Serbia),2014,2,24,54
Semaj Christon,Miami Heat,Xavier,2014,2,25,55
Devyn Marble,Denver Nuggets,Iowa,2014,2,26,56
Louis Labeyrie,Indiana Pacers,Paris-Levallois Basket (France),2014,2,27,57
Jordan McRae,San Antonio Spurs,Tennessee,2014,2,28,58
Xavier Thames,Toronto Raptors,San Diego State,2014,2,29,59
Cory Jefferson,San Antonio Spurs,Baylor,2014,2,30,60
Anthony Bennett,Cleveland Cavaliers,Nevada-Las Vegas,2013,1,1,1
Victor Oladipo,Orlando Magic,Indiana,2013,1,2,2
Otto Porter Jr.,Washington Wizards,Georgetown,2013,1,3,3
Cody Zeller,Charlotte Bobcats,Indiana,2013,1,4,4
Alex Len,Phoenix Suns,Maryland,2013,1,5,5
Nerlens Noel,New Orleans Pelicans,Kentucky,2013,1,6,6
Ben McLemore,Sacramento Kings,Kansas,2013,1,7,7
Kentavious Caldwell-Pope,Detroit Pistons,Georgia,2013,1,8,8
Trey Burke,Minnesota Timberwolves,Michigan,2013,1,9,9
CJ McCollum,Portland Trail Blazers,Lehigh,2013,1,10,10
Michael Carter-Williams,Philadelphia 76ers,Syracuse,2013,1,11,11
Steven Adams,Oklahoma City Thunder,Pittsburgh,2013,1,12,12
Kelly Olynyk,Dallas Mavericks,Gonzaga,2013,1,13,13
Shabazz Muhammad,Utah Jazz,California-Los Angeles,2013,1,14,14
Giannis Antetokounmpo,Milwaukee Bucks,Basket Zaragoza 2002 (Spain),2013,1,15,15
Lucas Nogueira,Boston Celtics,CB Estudiantes (Spain),2013,1,16,16
Dennis Schroder,Atlanta Hawks,Basketball Lowen Braunschweig (Germany),2013,1,17,17
Shane Larkin,Atlanta Hawks,Miami (FL),2013,1,18,18
Sergey Karasev,Cleveland Cavaliers,B.C. Zenit Saint Petersburg (Russia),2013,1,19,19
Tony Snell,Chicago Bulls,New Mexico,2013,1,20,20
Gorgui Dieng,Utah Jazz,Louisville,2013,1,21,21
Mason Plumlee,Brooklyn Nets,Duke,2013,1,22,22
Solomon Hill,Indiana Pacers,Arizona,2013,1,23,23
Tim Hardaway Jr.,New York Knicks,Michigan,2013,1,24,24
Reggie Bullock Jr.,Los Angeles Clippers,North Carolina,2013,1,25,25
Andre Roberson,Minnesota Timberwolves,Colorado,2013,1,26,26
Rudy Gobert,Denver Nuggets,Cholet Basket (France),2013,1,27,27
Livio Jean-Charles,San Antonio Spurs,ASVEL Basket (France),2013,1,28,28
Archie Goodwin,Oklahoma City Thunder,Kentucky,2013,1,29,29
Nemanja Nedovic,Phoenix Suns,BC Lietuvos rytas (Lithuania),2013,1,30,30
Allen Crabbe,Cleveland Cavaliers,California,2013,2,1,31
Alex Abrines,Oklahoma City Thunder,FC Barcelona Basquet (Spain),2013,2,2,32
Carrick Felix,Cleveland Cavaliers,Arizona State,2013,2,3,33
Isaiah Canaan,Houston Rockets,Murray State,2013,2,4,34
Glen Rice,Philadelphia 76ers,Michigan,2013,2,5,35
Ray McCallum,Sacramento Kings,Detroit Mercy,2013,2,6,36
Tony Mitchell,Detroit Pistons,North Texas,2013,2,7,37
Nate Wolters,Washington Wizards,South Dakota State,2013,2,8,38
Jeff Withey,Portland Trail Blazers,Kansas,2013,2,9,39
Grant Jerrett,Portland Trail Blazers,Arizona,2013,2,10,40
Jamaal Franklin,Memphis Grizzlies,San Diego State,2013,2,11,41
Pierre Jackson,Philadelphia 76ers,Baylor,2013,2,12,42
Ricky Ledo,Milwaukee Bucks,Providence,2013,2,13,43
Mike Muscala,Dallas Mavericks,Bucknell,2013,2,14,44
Marko Todorovic,Portland Trail Blazers,FC Barcelona Basquet (Spain),2013,2,15,45
Erick Green,Utah Jazz,Virginia Tech,2013,2,16,46
Raul Neto,Atlanta Hawks,San Sebastian Gipuzkoa BC (Spain),2013,2,17,47
Ryan Kelly,Los Angeles Lakers,Duke,2013,2,18,48
Erik Murphy,Chicago Bulls,Florida,2013,2,19,49
James Ennis III,Atlanta Hawks,Long Beach State,2013,2,20,50
Romero Osby,Orlando Magic,Oklahoma,2013,2,21,51
Lorenzo Brown,Minnesota Timberwolves,North Carolina State,2013,2,22,52
Colton Iverson,Indiana Pacers,Colorado State,2013,2,23,53
Arsalan Kazemi,Washington Wizards,Oregon,2013,2,24,54
Joffrey Lauvergne,Memphis Grizzlies,KK Partizan (Serbia),2013,2,25,55
Peyton Siva,Detroit Pistons,Louisville,2013,2,26,56
Alex Oriakhi,Phoenix Suns,Missouri,2013,2,27,57
Deshaun Thomas,San Antonio Spurs,Ohio State,2013,2,28,58
Bojan Dubljevic,Minnesota Timberwolves,Valencia BC (Spain),2013,2,29,59
Janis Timma,Memphis Grizzlies,BK Ventspils (Latvia),2013,2,30,60
Anthony Davis,New Orleans Hornets,Kentucky,2012,1,1,1
Michael Kidd-Gilchrist,Charlotte Bobcats,Kentucky,2012,1,2,2
Bradley Beal,Washington Wizards,Florida,2012,1,3,3
Dion Waiters,Cleveland Cavaliers,Syracuse,2012,1,4,4
Thomas Robinson,Sacramento Kings,Kansas,2012,1,5,5
Damian Lillard,Portland Trail Blazers,Weber State,2012,1,6,6
Harrison Barnes,Golden State Warriors,North Carolina,2012,1,7,7
Terrence Ross,Toronto Raptors,Washington,2012,1,8,8
Andre Drummond,Detroit Pistons,Connecticut,2012,1,9,9
Austin Rivers,New Orleans Hornets,Duke,2012,1,10,10
Meyers Leonard,Portland Trail Blazers,Illinois,2012,1,11,11
Jeremy Lamb,Houston Rockets,Connecticut,2012,1,12,12
Kendall Marshall,Phoenix Suns,North Carolina,2012,1,13,13
John Henson,Milwaukee Bucks,North Carolina,2012,1,14,14
Maurice Harkless,Philadelphia 76ers,St. John's (NY),2012,1,15,15
Royce White,Houston Rockets,Iowa State,2012,1,16,16
Tyler Zeller,Dallas Mavericks,North Carolina,2012,1,17,17
Terrence Jones,Houston Rockets,Kentucky,2012,1,18,18
Andrew Nicholson,Orlando Magic,St. Bonaventure,2012,1,19,19
Evan Fournier,Denver Nuggets,Poitiers Basket 86 (France),2012,1,20,20
Jared Sullinger,Boston Celtics,Ohio State,2012,1,21,21
Fab Melo,Boston Celtics,Syracuse,2012,1,22,22
John Jenkins,Atlanta Hawks,Vanderbilt,2012,1,23,23
Jared Cunningham,Cleveland Cavaliers,Oregon State,2012,1,24,24
Tony Wroten,Memphis Grizzlies,Washington,2012,1,25,25
Miles Plumlee,Indiana Pacers,Duke,2012,1,26,26
Arnett Moultrie,Miami Heat,Mississippi State,2012,1,27,27
Perry Jones III,Oklahoma City Thunder,Baylor,2012,1,28,28
Marquis Teague,Chicago Bulls,Kentucky,2012,1,29,29
Festus Ezeli,Golden State Warriors,Vanderbilt,2012,1,30,30
Jeffery Taylor,Charlotte Bobcats,Vanderbilt,2012,2,1,31
Tomas Satoransky,Washington Wizards,CB Sevilla (Spain),2012,2,2,32
Bernard James,Cleveland Cavaliers,Florida State,2012,2,3,33
Jae Crowder,Cleveland Cavaliers,Marquette,2012,2,4,34
Draymond Green,Golden State Warriors,Michigan State,2012,2,5,35
Orlando Johnson,Sacramento Kings,California-Santa Barbara,2012,2,6,36
Quincy Acy,Toronto Raptors,Baylor,2012,2,7,37
Quincy Miller,Denver Nuggets,Baylor,2012,2,8,38
Khris Middleton,Detroit Pistons,Texas A&M,2012,2,9,39
Will Barton,Portland Trail Blazers,Memphis,2012,2,10,40
Tyshawn Taylor,Portland Trail Blazers,Kansas,2012,2,11,41
Doron Lamb,Milwaukee Bucks,Kentucky,2012,2,12,42
Mike Scott,Atlanta Hawks,Virginia,2012,2,13,43
Kim English,Detroit Pistons,Missouri,2012,2,14,44
Justin Hamilton,Philadelphia 76ers,Louisiana State,2012,2,15,45
Darius Miller,New Orleans Hornets,Kentucky,2012,2,16,46
Kevin Murphy,Utah Jazz,Tennessee Tech,2012,2,17,47
Kostas Papanikolaou,New York Knicks,Olympiacos B.C. (Greece),2012,2,18,48
Kyle O'Quinn,Orlando Magic,Norfolk State,2012,2,19,49
Izzet Turkyilmaz,Denver Nuggets,Banvit B.K. (Turkey),2012,2,20,50
Kyrie Irving,Cleveland Cavaliers,Duke,2011,1,1,1
Derrick Williams,Minnesota Timberwolves,Arizona,2011,1,2,2
Enes Freedom,Utah Jazz,Kentucky,2011,1,3,3
Tristan Thompson,Cleveland Cavaliers,Texas,2011,1,4,4
Jonas Valanciunas,Toronto Raptors,BC Lietuvos rytas (Lithuania),2011,1,5,5
Jan Vesely,Washington Wizards,KK Partizan (Serbia),2011,1,6,6
Bismack Biyombo,Sacramento Kings,Baloncesto Fuenlabrada (Spain),2011,1,7,7
Brandon Knight,Detroit Pistons,Kentucky,2011,1,8,8
Kemba Walker,Charlotte Bobcats,Connecticut,2011,1,9,9
Jimmer Fredette,Milwaukee Bucks,Brigham Young,2011,1,10,10
Klay Thompson,Golden State Warriors,Washington State,2011,1,11,11
Alec Burks,Utah Jazz,Colorado,2011,1,12,12
Markieff Morris,Phoenix Suns,Kansas,2011,1,13,13
Marcus Morris Sr.,Houston Rockets,Kansas,2011,1,14,14
Kawhi Leonard,Indiana Pacers,San Diego State,2011,1,15,15
Nikola Vucevic,Philadelphia 76ers,Southern California,2011,1,16,16
Iman Shumpert,New York Knicks,Georgia Tech,2011,1,17,17
Chris Singleton,Washington Wizards,Florida State,2011,1,18,18
Tobias Harris,Charlotte Bobcats,Tennessee,2011,1,19,19
Donatas Motiejunas,Minnesota Timberwolves,Universo Treviso Basket (Italy),2011,1,20,20
Nolan Smith,Portland Trail Blazers,Duke,2011,1,21,21
Kenneth Faried,Denver Nuggets,Morehead State,2011,1,22,22
Nikola Mirotic,Houston Rockets,Real Madrid Baloncesto (Spain),2011,1,23,23
Reggie Jackson,Oklahoma City Thunder,Boston College,2011,1,24,24
MarShon Brooks,Boston Celtics,Providence,2011,1,25,25
Jordan Hamilton,Dallas Mavericks,Texas,2011,1,26,26
JaJuan Johnson,New Jersey Nets,Purdue,2011,1,27,27
Norris Cole,Chicago Bulls,Cleveland State,2011,1,28,28
Cory Joseph,San Antonio Spurs,Texas,2011,1,29,29
Jimmy Butler,Chicago Bulls,Marquette,2011,1,30,30
Bojan Bogdanovic,Miami Heat,KK Partizan (Serbia),2011,2,1,31
Justin Harper,Cleveland Cavaliers,Richmond,2011,2,2,32
Kyle Singler,Detroit Pistons,Duke,2011,2,3,33
Shelvin Mack,Washington Wizards,Butler,2011,2,4,34
Tyler Honeycutt,Sacramento Kings,California-Los Angeles,2011,2,5,35
Jordan Williams,New Jersey Nets,Maryland,2011,2,6,36
Trey Thompkins,Los Angeles Clippers,Georgia,2011,2,7,37
Chandler Parsons,Houston Rockets,Florida,2011,2,8,38
Jeremy Tyler,Charlotte Bobcats,Tokyo Apache (Japan),2011,2,9,39
Jon Leuer,Milwaukee Bucks,Wisconsin,2011,2,10,40
Darius Morris,Los Angeles Lakers,Michigan,2011,2,11,41
Davis Bertans,Indiana Pacers,KK Olimpija (Slovenia),2011,2,12,42
Malcolm Lee,Chicago Bulls,California-Los Angeles,2011,2,13,43
Charles Jenkins,Golden State Warriors,Hofstra,2011,2,14,44
Josh Harrellson,New Orleans Hornets,Kentucky,2011,2,15,45
Andrew Goudelock,Los Angeles Lakers,College of Charleston,2011,2,16,46
Travis Leslie,Los Angeles Clippers,Georgia,2011,2,17,47
Keith Benson,Atlanta Hawks,Oakland,2011,2,18,48
Josh Selby,Memphis Grizzlies,Kansas,2011,2,19,49
Lavoy Allen,Philadelphia 76ers,Temple,2011,2,20,50
Jon Diebler,Portland Trail Blazers,Ohio State,2011,2,21,51
Vernon Macklin,Detroit Pistons,Florida,2011,2,22,52
DeAndre Liggins,Orlando Magic,Kentucky,2011,2,23,53
MIlan Macvan,Cleveland Cavaliers,Maccabi Tel Aviv B.C. (Israel),2011,2,24,54
E'Twaun Moore,Boston Celtics,Purdue,2011,2,25,55
Chukwudiebere Maduabum,Los Angeles Lakers,Bakersfield Jam (D-League),2011,2,26,56
Tanguy Ngombo,Dallas Mavericks,Al Rayyan Basketball Team (Qatar),2011,2,27,57
Ater Majok,Los Angeles Lakers,Gold Coast Blaze (Australia),2011,2,28,58
Adam Hanga,San Antonio Spurs,Alba Fehervar (Hungary),2011,2,29,59
Isaiah Thomas,Sacramento Kings,Washington,2011,2,30,60
John Wall,Washington Wizards,Kentucky,2010,1,1,1
Evan Turner,Philadelphia 76ers,Ohio State,2010,1,2,2
Derrick Favors,New Jersey Nets,Georgia Tech,2010,1,3,3
Wesley Johnson,Minnesota Timberwolves,Syracuse,2010,1,4,4
DeMarcus Cousins,Sacramento Kings,Kentucky,2010,1,5,5
Ekpe Udoh,Golden State Warriors,Baylor,2010,1,6,6
Greg Monroe,Detroit Pistons,Georgetown,2010,1,7,7
Al-Farouq Aminu,Los Angeles Clippers,Wake Forest,2010,1,8,8
Gordon Hayward,Utah Jazz,Butler,2010,1,9,9
Paul George,Indiana Pacers,Fresno State,2010,1,10,10
Cole Aldrich,New Orleans Hornets,Kansas,2010,1,11,11
Xavier Henry,Memphis Grizzlies,Kansas,2010,1,12,12
Ed Davis,Toronto Raptors,North Carolina,2010,1,13,13
Patrick Patterson,Houston Rockets,Kentucky,2010,1,14,14
Larry Sanders,Milwaukee Bucks,Virginia Commonwealth,2010,1,15,15
Luke Babbitt,Minnesota Timberwolves,Nevada-Reno,2010,1,16,16
Kevin Seraphin,Chicago Bulls,Cholet Basket (France),2010,1,17,17
Eric Bledsoe,Oklahoma City Thunder,Kentucky,2010,1,18,18
Avery Bradley,Boston Celtics,Texas,2010,1,19,19
James Anderson,San Antonio Spurs,Oklahoma State,2010,1,20,20
Craig Brackins,Oklahoma City Thunder,Iowa State,2010,1,21,21
Elliot Williams,Portland Trail Blazers,Memphis,2010,1,22,22
Trevor Booker,Minnesota Timberwolves,Clemson,2010,1,23,23
Damion James,Atlanta Hawks,Texas,2010,1,24,24
Dominique Jones,Memphis Grizzlies,South Florida,2010,1,25,25
Quincy Pondexter,Oklahoma City Thunder,Washington,2010,1,26,26
Jordan Crawford,New Jersey Nets,Xavier,2010,1,27,27
Greivis Vasquez,Memphis Grizzlies,Maryland,2010,1,28,28
Daniel Orton,Orlando Magic,Kentucky,2010,1,29,29
Lazar Hayward,Washington Wizards,Marquette,2010,1,30,30
Tibor Pleiss,New Jersey Nets,Brose Baskets (Germany),2010,2,1,31
Dexter Pittman,Miami Heat,Texas,2010,2,2,32
Hassan Whiteside,Sacramento Kings,Marshall,2010,2,3,33
Armon Johnson,Portland Trail Blazers,Nevada-Reno,2010,2,4,34
Nemanja Bjelica,Washington Wizards,KK Crvena zvezda (Serbia),2010,2,5,35
Terrico White,Detroit Pistons,Mississippi,2010,2,6,36
Darington Hobson,Milwaukee Bucks,New Mexico,2010,2,7,37
Andy Rautins,New York Knicks,Syracuse,2010,2,8,38
Landry Fields,New York Knicks,Stanford,2010,2,9,39
Lance Stephenson,Indiana Pacers,Cincinnati,2010,2,10,40
Jarvis Varnado,Miami Heat,Mississippi State,2010,2,11,41
Da'Sean Butler,Miami Heat,West Virginia,2010,2,12,42
Devin Ebanks,Los Angeles Lakers,West Virginia,2010,2,13,43
Jerome Jordan,Milwaukee Bucks,Tulsa,2010,2,14,44
Paulao Prestes,Minnesota Timberwolves,CB Murcia (Spain),2010,2,15,45
Gani Lawal,Phoenix Suns,Georgia Tech,2010,2,16,46
Tiny Gallon,Milwaukee Bucks,Oklahoma,2010,2,17,47
Latavious Williams,Miami Heat,Tulsa 66ers (D-League),2010,2,18,48
Ryan Richards,San Antonio Spurs,CB Gran Canaria (Spain),2010,2,19,49
Solomon Alabi,Dallas Mavericks,Florida State,2010,2,20,50
Magnum Rolle,Oklahoma City Thunder,Louisiana Tech,2010,2,21,51
Luke Harangody,Boston Celtics,Notre Dame,2010,2,22,52
Pape Sy,Atlanta Hawks,STB Le Havre (France),2010,2,23,53
Willie Warren,Los Angeles Clippers,Oklahoma,2010,2,24,54
Jeremy Evans,Utah Jazz,Western Kentucky,2010,2,25,55
Hamady Ndiaye,Minnesota Timberwolves,Rutgers,2010,2,26,56
Ryan Reid,Indiana Pacers,Florida State,2010,2,27,57
Derrick Caracter,Los Angeles Lakers,Texas-El Paso,2010,2,28,58
Stanley Robinson,Orlando Magic,Connecticut,2010,2,29,59
Dwayne Collins,Phoenix Suns,Miami (FL),2010,2,30,60
Blake Griffin,Los Angeles Clippers,Oklahoma,2009,1,1,1
Hasheem Thabeet,Memphis Grizzlies,Connecticut,2009,1,2,2
James Harden,Oklahoma City Thunder,Arizona State,2009,1,3,3
Tyreke Evans,Sacramento Kings,Memphis,2009,1,4,4
Ricky Rubio,Minnesota Timberwolves,Joventut Badalona (Spain),2009,1,5,5
Jonny Flynn,Minnesota Timberwolves,Syracuse,2009,1,6,6
Stephen Curry,Golden State Warriors,Davidson,2009,1,7,7
Jordan Hill,New York Knicks,Arizona,2009,1,8,8
DeMar DeRozan,Toronto Raptors,Southern California,2009,1,9,9
Brandon Jennings,Milwaukee Bucks,Pallacanestro Virtus Roma (Italy),2009,1,10,10
Terrence Williams,New Jersey Nets,Louisville,2009,1,11,11
Gerald Henderson,Charlotte Bobcats,Duke,2009,1,12,12
Tyler Hansbrough,Indiana Pacers,North Carolina,2009,1,13,13
Earl Clark,Phoenix Suns,Louisville,2009,1,14,14
Austin Daye,Detroit Pistons,Gonzaga,2009,1,15,15
James Johnson,Chicago Bulls,Wake Forest,2009,1,16,16
Jrue Holiday,Philadelphia 76ers,California-Los Angeles,2009,1,17,17
Ty Lawson,Minnesota Timberwolves,North Carolina,2009,1,18,18
Jeff Teague,Atlanta Hawks,Wake Forest,2009,1,19,19
Eric Maynor,Utah Jazz,Virginia Commonwealth,2009,1,20,20
Darren Collison,New Orleans Hornets,California-Los Angeles,2009,1,21,21
Victor Claver,Portland Trail Blazers,Valencia BC (Spain),2009,1,22,22
Omri Casspi,Sacramento Kings,Maccabi Tel Aviv B.C. (Israel),2009,1,23,23
Byron Mullens,Dallas Mavericks,Ohio State,2009,1,24,24
Rodrigue Beaubois,Oklahoma City Thunder,Cholet Basket (France),2009,1,25,25
Taj Gibson,Chicago Bulls,Southern California,2009,1,26,26
DeMarre Carroll,Memphis Grizzlies,Missouri,2009,1,27,27
Wayne Ellington,Minnesota Timberwolves,North Carolina,2009,1,28,28
Toney Douglas,Los Angeles Lakers,Florida State,2009,1,29,29
Christian Eyenga,Cleveland Cavaliers,CB Prat (Spain),2009,1,30,30
Jeff Ayres,Sacramento Kings,Arizona State,2009,2,1,31
Jermaine Taylor,Washington Wizards,Central Florida,2009,2,2,32
Dante Cunningham,Portland Trail Blazers,Villanova,2009,2,3,33
Sergio Llull,Denver Nuggets,Real Madrid Baloncesto (Spain),2009,2,4,34
DaJuan Summers,Detroit Pistons,Georgetown,2009,2,5,35
Sam Young,Memphis Grizzlies,Pittsburgh,2009,2,6,36
DeJuan Blair,San Antonio Spurs,Pittsburgh,2009,2,7,37
Jon Brockman,Portland Trail Blazers,Washington,2009,2,8,38
Jonas Jerebko,Detroit Pistons,Pallacanestro Biella (Italy),2009,2,9,39
Derrick Brown,Charlotte Bobcats,Xavier,2009,2,10,40
Jodie Meeks,Milwaukee Bucks,Kentucky,2009,2,11,41
Patrick Beverley,Los Angeles Lakers,BC Dnipro (Ukraine),2009,2,12,42
Marcus Thornton,Miami Heat,Louisiana State,2009,2,13,43
Chase Budinger,Detroit Pistons,Arizona,2009,2,14,44
Nick Calathes,Minnesota Timberwolves,Florida,2009,2,15,45
Danny Green,Cleveland Cavaliers,North Carolina,2009,2,16,46
Henk Norel,Minnesota Timberwolves,Joventut Badalona (Spain),2009,2,17,47
Taylor Griffin,Phoenix Suns,Oklahoma,2009,2,18,48
Sergiy Gladyr,Atlanta Hawks,MBC Mykolaiv (Ukraine),2009,2,19,49
Goran Suton,Utah Jazz,Michigan State,2009,2,20,50
Jack McClinton,San Antonio Spurs,Miami (FL),2009,2,21,51
AJ Price,Indiana Pacers,Connecticut,2009,2,22,52
Nando De Colo,San Antonio Spurs,Cholet Basket (France),2009,2,23,53
Robert Vaden,Charlotte Bobcats,Alabama-Birmingham,2009,2,24,54
Patty Mills,Portland Trail Blazers,St. Mary's (CA),2009,2,25,55
Ahmad Nivins,Dallas Mavericks,Saint Joseph's,2009,2,26,56
Emir Preldzic,Phoenix Suns,Fenerbahce S.K. (Turkey),2009,2,27,57
Lester Hudson,Boston Celtics,Tennessee-Martin,2009,2,28,58
Chinemelu Elonu,Los Angeles Lakers,Texas A&M,2009,2,29,59
Robert Dozier,Miami Heat,Memphis,2009,2,30,60
Derrick Rose,Chicago Bulls,Memphis,2008,1,1,1
Michael Beasley,Miami Heat,Kansas State,2008,1,2,2
O.J. Mayo,Minnesota Timberwolves,Southern California,2008,1,3,3
Russell Westbrook,Oklahoma City Thunder,California-Los Angeles,2008,1,4,4
Kevin Love,Memphis Grizzlies,California-Los Angeles,2008,1,5,5
Danilo Gallinari,New York Knicks,Olimpia Milano (Italy),2008,1,6,6
Eric Gordon,Los Angeles Clippers,Indiana,2008,1,7,7
Joe Alexander,Milwaukee Bucks,West Virginia,2008,1,8,8
D.J. Augustin,Charlotte Bobcats,Texas,2008,1,9,9
Brook Lopez,New Jersey Nets,Stanford,2008,1,10,10
Jerryd Bayless,Indiana Pacers,Arizona,2008,1,11,11
Jason Thompson,Sacramento Kings,Rider,2008,1,12,12
Brandon Rush,Portland Trail Blazers,Kansas,2008,1,13,13
Anthony Randolph,Golden State Warriors,Louisiana State,2008,1,14,14
Robin Lopez,Phoenix Suns,Stanford,2008,1,15,15
Marreese Speights,Philadelphia 76ers,Florida,2008,1,16,16
Roy Hibbert,Toronto Raptors,Georgetown,2008,1,17,17
JaVale McGee,Washington Wizards,Nevada-Reno,2008,1,18,18
JJ Hickson,Cleveland Cavaliers,North Carolina State,2008,1,19,19
Alexis Ajinca,Charlotte Bobcats,Hyeres-Toulon Var Basket (France),2008,1,20,20
Ryan Anderson,New Jersey Nets,California,2008,1,21,21
Courtney Lee,Orlando Magic,Western Kentucky,2008,1,22,22
Kosta Koufos,Utah Jazz,Ohio State,2008,1,23,23
Serge Ibaka,Oklahoma City Thunder,CB L'Hospitalet (Spain),2008,1,24,24
Nicolas Batum,Houston Rockets,Le Mans Sarthe Basket (France),2008,1,25,25
George Hill,San Antonio Spurs,IUPUI,2008,1,26,26
Darrell Arthur,New Orleans Hornets,Kansas,2008,1,27,27
Donte Greene,Memphis Grizzlies,Syracuse,2008,1,28,28
DJ White,Detroit Pistons,Indiana,2008,1,29,29
J.R. Giddens,Boston Celtics,New Mexico,2008,1,30,30
Nikola Pekovic,Minnesota Timberwolves,KK Partizan (Serbia),2008,2,1,31
Walter Sharpe,Oklahoma City Thunder,Alabama-Birmingham,2008,2,2,32
Joey Dorsey,Portland Trail Blazers,Memphis,2008,2,3,33
Mario Chalmers,Minnesota Timberwolves,Kansas,2008,2,4,34
DeAndre Jordan,Los Angeles Clippers,Texas A&M,2008,2,5,35
Omer Asik,Portland Trail Blazers,Fenerbahce S.K. (Turkey),2008,2,6,36
Luc Mbah a Moute,Milwaukee Bucks,California-Los Angeles,2008,2,7,37
Kyle Weaver,Charlotte Bobcats,Washington State,2008,2,8,38
Sonny Weems,Chicago Bulls,Arkansas,2008,2,9,39
Chris Douglas-Roberts,New Jersey Nets,Memphis,2008,2,10,40
Nathan Jawai,Indiana Pacers,Cairns Taipans (Australia),2008,2,11,41
Sean Singletary,Sacramento Kings,Virginia,2008,2,12,42
Patrick Ewing,Sacramento Kings,Georgetown,2008,2,13,43
Ante Tomic,Utah Jazz,KK Zagreb (Croatia),2008,2,14,44
Goran Dragic,San Antonio Spurs,KK Olimpija (Slovenia),2008,2,15,45
Trent Plaisted,Oklahoma City Thunder,Brigham Young,2008,2,16,46
Henry Walker,Washington Wizards,Kansas State,2008,2,17,47
Malik Hairston,Phoenix Suns,Oregon,2008,2,18,48
Richard Hendrix,Golden State Warriors,Alabama,2008,2,19,49
DeVon Hardin,Oklahoma City Thunder,California,2008,2,20,50
Shan Foster,Dallas Mavericks,Vanderbilt,2008,2,21,51
Darnell Jackson,Miami Heat,Kansas,2008,2,22,52
Tadija Dragicevic,Utah Jazz,KK Crvena zvezda (Serbia),2008,2,23,53
Maarty Leunen,Houston Rockets,Oregon,2008,2,24,54
Mike Taylor,Portland Trail Blazers,Idaho Stampede (D-League),2008,2,25,55
Sasha Kaun,Oklahoma City Thunder,Kansas,2008,2,26,56
James Gist,San Antonio Spurs,Maryland,2008,2,27,57
Joe Crawford,Los Angeles Lakers,Kentucky,2008,2,28,58
Deron Washington,Detroit Pistons,Virginia Tech,2008,2,29,59
Semih Erden,Boston Celtics,Fenerbahce S.K. (Turkey),2008,2,30,60
Greg Oden,Portland Trail Blazers,Ohio State,2007,1,1,1
Kevin Durant,Seattle SuperSonics,Texas,2007,1,2,2
Al Horford,Atlanta Hawks,Florida,2007,1,3,3
Mike Conley,Memphis Grizzlies,Ohio State,2007,1,4,4
Jeff Green,Boston Celtics,Georgetown,2007,1,5,5
Yi Jianlian,Milwaukee Bucks,Guangdong Southern Tigers (China),2007,1,6,6
Corey Brewer,Minnesota Timberwolves,Florida,2007,1,7,7
Brandan Wright,Charlotte Bobcats,North Carolina,2007,1,8,8
Joakim Noah,Chicago Bulls,Florida,2007,1,9,9
Spencer Hawes,Sacramento Kings,Washington,2007,1,10,10
Acie Law,Atlanta Hawks,Texas A&M,2007,1,11,11
Thaddeus Young,Philadelphia 76ers,Georgia Tech,2007,1,12,12
Julian Wright,New Orleans Hornets,Kansas,2007,1,13,13
Al Thornton,Los Angeles Clippers,Florida State,2007,1,14,14
Rodney Stuckey,Detroit Pistons,Eastern Washington,2007,1,15,15
Nick Young,Washington Wizards,Southern California,2007,1,16,16
Sean Williams,New Jersey Nets,Boston College,2007,1,17,17
Marco Belinelli,Golden State Warriors,Fortitudo Pallacanestro Bologna (Italy),2007,1,18,18
Javaris Crittenton,Los Angeles Lakers,Georgia Tech,2007,1,19,19
Jason Smith,Miami Heat,Colorado State,2007,1,20,20
Daequan Cook,Philadelphia 76ers,Ohio State,2007,1,21,21
Jared Dudley,Charlotte Bobcats,Boston College,2007,1,22,22
Wilson Chandler,New York Knicks,DePaul,2007,1,23,23
Rudy Fernandez,Phoenix Suns,Joventut Badalona (Spain),2007,1,24,24
Morris Almond,Utah Jazz,Rice,2007,1,25,25
Aaron Brooks,Houston Rockets,Oregon,2007,1,26,26
Arron Afflalo,Detroit Pistons,California-Los Angeles,2007,1,27,27
Tiago Splitter,San Antonio Spurs,Saski Baskonia (Spain),2007,1,28,28
Alando Tucker,Phoenix Suns,Wisconsin,2007,1,29,29
Petteri Koponen,Philadelphia 76ers,Espoon Honka (Finland),2007,1,30,30
Carl Landry,Seattle SuperSonics,Purdue,2007,2,1,31
Gabe Pruitt,Boston Celtics,Southern California,2007,2,2,32
Marcus Williams,San Antonio Spurs,Arizona,2007,2,3,33
Nick Fazekas,Dallas Mavericks,Nevada-Reno,2007,2,4,34
Glen Davis,Seattle SuperSonics,Louisiana State,2007,2,5,35
Jermareo Davidson,Golden State Warriors,Alabama,2007,2,6,36
Josh McRoberts,Portland Trail Blazers,Duke,2007,2,7,37
Kyrylo Fesenko,Philadelphia 76ers,Cherkaski Mavpy (Ukraine),2007,2,8,38
Stanko Barac,Miami Heat,HKK Siroki (Bosnia and Herzegovina),2007,2,9,39
Sun Sun,Los Angeles Lakers,Beijing Olympians (China),2007,2,10,40
Chris Richard,Minnesota Timberwolves,Florida,2007,2,11,41
Derrick Byars,Portland Trail Blazers,Vanderbilt,2007,2,12,42
Adam Haluska,New Orleans Hornets,Iowa,2007,2,13,43
Reyshawn Terry,Orlando Magic,North Carolina,2007,2,14,44
Jared Jordan,Los Angeles Clippers,Marist,2007,2,15,45
Stephane Lasme,Golden State Warriors,Massachusetts,2007,2,16,46
Dominic McGuire,Washington Wizards,Fresno State,2007,2,17,47
Marc Gasol,Los Angeles Lakers,CB Sant Josep (Spain),2007,2,18,48
Aaron Gray,Chicago Bulls,Pittsburgh,2007,2,19,49
Renaldas Seibutis,Dallas Mavericks,Maroussi B.C. (Greece),2007,2,20,50
JamesOn Curry,Chicago Bulls,Oklahoma State,2007,2,21,51
Taurean Green,Portland Trail Blazers,Florida,2007,2,22,52
Demetris Nichols,Portland Trail Blazers,Syracuse,2007,2,23,53
Brad Newley,Houston Rockets,Townsville Crocodiles (Australia),2007,2,24,54
Herbert Hill,Utah Jazz,Providence,2007,2,25,55
Ramon Sessions,Milwaukee Bucks,Nevada-Reno,2007,2,26,56
Sammy Mejia,Detroit Pistons,DePaul,2007,2,27,57
Giorgos Printezis,San Antonio Spurs,Olympiacos B.C. (Greece),2007,2,28,58
DJ Strawberry,Phoenix Suns,Maryland,2007,2,29,59
Milovan Rakovic,Dallas Mavericks,KK Mega Leks (Serbia),2007,2,30,60
Andrea Bargnani,Toronto Raptors,Universo Treviso Basket (Italy),2006,1,1,1
LaMarcus Aldridge,Chicago Bulls,Texas,2006,1,2,2
Adam Morrison,Charlotte Bobcats,Gonzaga,2006,1,3,3
Tyrus Thomas,Portland Trail Blazers,Louisiana State,2006,1,4,4
Shelden Williams,Atlanta Hawks,Duke,2006,1,5,5
Brandon Roy,Minnesota Timberwolves,Washington,2006,1,6,6
Randy Foye,Boston Celtics,Villanova,2006,1,7,7
Rudy Gay,Houston Rockets,Connecticut,2006,1,8,8
Patrick O'Bryant,Golden State Warriors,Bradley,2006,1,9,9
Mouhamed Sene,Seattle SuperSonics,VOO Wolves Verviers-Pepinster (Belgium),2006,1,10,10
JJ Redick,Orlando Magic,Duke,2006,1,11,11
Hilton Armstrong,New Orleans/Oklahoma City Hornets,Connecticut,2006,1,12,12
Thabo Sefolosha,Philadelphia 76ers,Pallacanestro Biella (Italy),2006,1,13,13
Ronnie Brewer,Utah Jazz,Arkansas,2006,1,14,14
Cedric Simmons,New Orleans/Oklahoma City Hornets,North Carolina State,2006,1,15,15
Rodney Carney,Chicago Bulls,Memphis,2006,1,16,16
Shawne Williams,Indiana Pacers,Memphis,2006,1,17,17
Oleksiy Pecherov,Washington Wizards,Paris Basket Racing (France),2006,1,18,18
Quincy Douby,Sacramento Kings,Rutgers,2006,1,19,19
Renaldo Balkman,New York Knicks,South Carolina,2006,1,20,20
Rajon Rondo,Phoenix Suns,Kentucky,2006,1,21,21
Marcus Williams,New Jersey Nets,Connecticut,2006,1,22,22
Josh Boone,New Jersey Nets,Connecticut,2006,1,23,23
Kyle Lowry,Memphis Grizzlies,Villanova,2006,1,24,24
Shannon Brown,Cleveland Cavaliers,Michigan State,2006,1,25,25
Jordan Farmar,Los Angeles Lakers,California-Los Angeles,2006,1,26,26
Sergio Rodriguez,Phoenix Suns,CB Estudiantes (Spain),2006,1,27,27
Maurice Ager,Dallas Mavericks,Michigan State,2006,1,28,28
Mardy Collins,New York Knicks,Temple,2006,1,29,29
Joel Freeland,Portland Trail Blazers,CB Gran Canaria (Spain),2006,1,30,30
James White,Portland Trail Blazers,Cincinnati,2006,2,1,31
Steve Novak,Houston Rockets,Marquette,2006,2,2,32
Solomon Jones,Atlanta Hawks,South Florida,2006,2,3,33
Paul Davis,Los Angeles Clippers,Michigan State,2006,2,4,34
P.J. Tucker,Toronto Raptors,Texas,2006,2,5,35
Craig Smith,Minnesota Timberwolves,Boston College,2006,2,6,36
Bobby Jones,Minnesota Timberwolves,Washington,2006,2,7,37
Kosta Perovic,Golden State Warriors,KK Partizan (Serbia),2006,2,8,38
David Noel,Milwaukee Bucks,North Carolina,2006,2,9,39
Denham Brown,Seattle SuperSonics,Connecticut,2006,2,10,40
James Augustine,Orlando Magic,Illinois,2006,2,11,41
Daniel Gibson,Cleveland Cavaliers,Texas,2006,2,12,42
Marcus Vinicius,New Orleans/Oklahoma City Hornets,Objetivo Sao Carlos (Brazil),2006,2,13,43
Lior Eliyahu,Orlando Magic,Hapoel Galil Elyon (Israel),2006,2,14,44
Alexander Johnson,Indiana Pacers,Florida State,2006,2,15,45
Dee Brown,Utah Jazz,Illinois,2006,2,16,46
Paul Millsap,Utah Jazz,Louisiana Tech,2006,2,17,47
Vladimir Veremeenko,Washington Wizards,CB Cornella (Spain),2006,2,18,48
Leon Powe,Denver Nuggets,California,2006,2,19,49
Ryan Hollins,Charlotte Bobcats,California-Los Angeles,2006,2,20,50
Cheikh Samb,Los Angeles Lakers,CB Cornella (Spain),2006,2,21,51
Guillermo Diaz,Los Angeles Clippers,Miami (FL),2006,2,22,52
Yotam Halperin,Seattle SuperSonics,KK Olimpija (Slovenia),2006,2,23,53
Hassan Adams,New Jersey Nets,Arizona,2006,2,24,54
Ejike Ugboaja,Cleveland Cavaliers,Union Bank Lagos B.C. (Nigeria),2006,2,25,55
Edin Bavcic,Toronto Raptors,KK Bosna Royal (Bosnia and Herzegovina),2006,2,26,56
Loukas Mavrokefalidis,Minnesota Timberwolves,P.A.O.K. B.C. (Greece),2006,2,27,57
JR Pinnock,Dallas Mavericks,George Washington,2006,2,28,58
Damir Markota,San Antonio Spurs,KK Cibona (Croatia),2006,2,29,59
Will Blalock,Detroit Pistons,Iowa State,2006,2,30,60
Andrew Bogut,Milwaukee Bucks,Utah,2005,1,1,1
Marvin Williams,Atlanta Hawks,North Carolina,2005,1,2,2
Deron Williams,Utah Jazz,Illinois,2005,1,3,3
Chris Paul,New Orleans/Oklahoma City Hornets,Wake Forest,2005,1,4,4
Raymond Felton,Charlotte Bobcats,North Carolina,2005,1,5,5
Martell Webster,Portland Trail Blazers,Seattle Preparatory School,2005,1,6,6
Charlie Villanueva,Toronto Raptors,Connecticut,2005,1,7,7
Channing Frye,New York Knicks,Arizona,2005,1,8,8
Ike Diogu,Golden State Warriors,Arizona State,2005,1,9,9
Andrew Bynum,Los Angeles Lakers,Saint Joseph,2005,1,10,10
Fran Vazquez,Orlando Magic,Baloncesto Malaga (Spain),2005,1,11,11
Yaroslav Korolev,Los Angeles Clippers,PBC CSKA Moscow (Russia),2005,1,12,12
Sean May,Charlotte Bobcats,North Carolina,2005,1,13,13
Rashad McCants,Minnesota Timberwolves,North Carolina,2005,1,14,14
Antoine Wright,New Jersey Nets,Texas A&M,2005,1,15,15
Joey Graham,Toronto Raptors,Oklahoma State,2005,1,16,16
Danny Granger,Indiana Pacers,New Mexico,2005,1,17,17
Gerald Green,Boston Celtics,Gulf Shores Academy,2005,1,18,18
Hakim Warrick,Memphis Grizzlies,Syracuse,2005,1,19,19
Julius Hodge,Denver Nuggets,North Carolina State,2005,1,20,20
Nate Robinson,Phoenix Suns,Washington,2005,1,21,21
Jarrett Jack,Denver Nuggets,Georgia Tech,2005,1,22,22
Francisco Garcia,Sacramento Kings,Louisville,2005,1,23,23
Luther Head,Houston Rockets,Illinois,2005,1,24,24
Johan Petro,Seattle SuperSonics,Elan Bearnais Pau-Orthez (France),2005,1,25,25
Jason Maxiell,Detroit Pistons,Cincinnati,2005,1,26,26
Linas Kleiza,Portland Trail Blazers,Missouri,2005,1,27,27
Ian Mahinmi,San Antonio Spurs,STB Le Havre (France),2005,1,28,28
Wayne Simien,Miami Heat,Kansas,2005,1,29,29
David Lee,New York Knicks,Florida,2005,1,30,30
Salim Stoudamire,Atlanta Hawks,Arizona,2005,2,1,31
Daniel Ewing,Los Angeles Clippers,Duke,2005,2,2,32
Brandon Bass,New Orleans/Oklahoma City Hornets,Louisiana State,2005,2,3,33
CJ Miles,Utah Jazz,Skyline,2005,2,4,34
Ricky Sanchez,Portland Trail Blazers,IMG Academy,2005,2,5,35
Ersan Ilyasova,Milwaukee Bucks,Ulkerspor (Turkey),2005,2,6,36
Ronny Turiaf,Los Angeles Lakers,Gonzaga,2005,2,7,37
Travis Diener,Orlando Magic,Marquette,2005,2,8,38
Von Wafer,Los Angeles Lakers,Florida State,2005,2,9,39
Monta Ellis,Golden State Warriors,Lanier,2005,2,10,40
Roko Ukic,Toronto Raptors,KK Split (Croatia),2005,2,11,41
Chris Taft,Golden State Warriors,Pittsburgh,2005,2,12,42
Mile Ilic,New Jersey Nets,KK FMP (Serbia),2005,2,13,43
Martynas Andriuskevicius,Orlando Magic,BC Zalgiris (Lithuania),2005,2,14,44
Lou Williams,Philadelphia 76ers,South Gwinnett,2005,2,15,45
Erazem Lorbek,Indiana Pacers,Fortitudo Pallacanestro Bologna (Italy),2005,2,16,46
Bracey Wright,Minnesota Timberwolves,Indiana,2005,2,17,47
Mickael Gelabale,Seattle SuperSonics,Real Madrid Baloncesto (Spain),2005,2,18,48
Andray Blatche,Washington Wizards,South Kent School,2005,2,19,49
Ryan Gomes,Boston Celtics,Providence,2005,2,20,50
Robert Whaley,Utah Jazz,Walsh,2005,2,21,51
Axel Hervelle,Denver Nuggets,Real Madrid Baloncesto (Spain),2005,2,22,52
Orien Greene,Boston Celtics,Louisiana-Lafayette,2005,2,23,53
Dijon Thompson,New York Knicks,California-Los Angeles,2005,2,24,54
Lawrence Roberts,Seattle SuperSonics,Mississippi,2005,2,25,55
Amir Johnson,Detroit Pistons,Westchester,2005,2,26,56
Marcin Gortat,Phoenix Suns,Koln 99ers (Germany),2005,2,27,57
Uros Slokar,Toronto Raptors,Pallalcesto Amatori Udine (Italy),2005,2,28,58
Cenk Akyol,Atlanta Hawks,Anadolu Efes S.K. (Turkey),2005,2,29,59
Alex Acker,Detroit Pistons,Pepperdine,2005,2,30,60
Dwight Howard,Orlando Magic,Southwest Atlanta Christian Academy,2004,1,1,1
Emeka Okafor,Charlotte Bobcats,Connecticut,2004,1,2,2
Ben Gordon,Chicago Bulls,Connecticut,2004,1,3,3
Shaun Livingston,Los Angeles Clippers,Peoria,2004,1,4,4
Devin Harris,Washington Wizards,Wisconsin,2004,1,5,5
Josh Childress,Atlanta Hawks,Stanford,2004,1,6,6
Luol Deng,Phoenix Suns,Duke,2004,1,7,7
Rafael Araujo,Toronto Raptors,Brigham Young,2004,1,8,8
Andre Iguodala,Philadelphia 76ers,Arizona,2004,1,9,9
Luke Jackson,Cleveland Cavaliers,Oregon,2004,1,10,10
Andris Biedrins,Golden State Warriors,BK Skonto (Latvia),2004,1,11,11
Robert Swift,Seattle SuperSonics,Bakersfield,2004,1,12,12
Sebastian Telfair,Portland Trail Blazers,Abraham Lincoln,2004,1,13,13
Kris Humphries,Utah Jazz,Minnesota,2004,1,14,14
Al Jefferson,Boston Celtics,Prentiss,2004,1,15,15
Kirk Snyder,Utah Jazz,Nevada-Reno,2004,1,16,16
Josh Smith,Atlanta Hawks,Oak Hill Academy,2004,1,17,17
JR Smith,New Orleans Hornets,Saint Benedict's Preparatory School,2004,1,18,18
Dorell Wright,Miami Heat,South Kent School,2004,1,19,19
Jameer Nelson,Denver Nuggets,Saint Joseph's,2004,1,20,20
Pavel Podkolzin,Utah Jazz,Pallacanestro Varese (Italy),2004,1,21,21
Viktor Khryapa,New Jersey Nets,PBC CSKA Moscow (Russia),2004,1,22,22
Sergei Monia,Portland Trail Blazers,PBC CSKA Moscow (Russia),2004,1,23,23
Delonte West,Boston Celtics,Saint Joseph's,2004,1,24,24
Tony Allen,Boston Celtics,Oklahoma State,2004,1,25,25
Kevin Martin,Sacramento Kings,Western Carolina,2004,1,26,26
Sasha Vujacic,Los Angeles Lakers,Pallalcesto Amatori Udine (Italy),2004,1,27,27
Beno Udrih,San Antonio Spurs,Olimpia Milano (Italy),2004,1,28,28
David Harrison,Indiana Pacers,Colorado,2004,1,29,29
Anderson Varejao,Orlando Magic,FC Barcelona Basquet (Spain),2004,2,1,30
Jackson Vroman,Chicago Bulls,Iowa State,2004,2,2,31
Peter John Ramos,Washington Wizards,Criollos de Caguas (Puerto Rico),2004,2,3,32
Lionel Chalmers,Los Angeles Clippers,Xavier,2004,2,4,33
Donta Smith,Atlanta Hawks,Southeastern Illinois,2004,2,5,34
Andre Emmett,Seattle SuperSonics,Texas Tech,2004,2,6,35
Antonio Burks,Orlando Magic,Memphis,2004,2,7,36
Royal Ivey,Atlanta Hawks,Brigham Young,2004,2,8,37
Chris Duhon,Chicago Bulls,Duke,2004,2,9,38
Albert Miralles,Toronto Raptors,Roseto Sharks (Italy),2004,2,10,39
Justin Reed,Boston Celtics,Mississippi,2004,2,11,40
David Young,Seattle SuperSonics,North Carolina Central,2004,2,12,41
Viktor Sanikidze,Atlanta Hawks,JDA Dijon Basket (France),2004,2,13,42
Trevor Ariza,New York Knicks,California-Los Angeles,2004,2,14,43
Tim Pickett,New Orleans Hornets,Florida State,2004,2,15,44
Bernard Robinson,Charlotte Bobcats,Michigan,2004,2,16,45
Ha Ha,Portland Trail Blazers,Yonsei (KOR),2004,2,17,46
Pape Sow,Miami Heat,Cal State-Fullerton,2004,2,18,47
Ricky Minard,Sacramento Kings,Morehead State,2004,2,19,48
Sergei Lishouk,Memphis Grizzlies,Miami (FL),2004,2,20,49
Vassilis Spanoulis,Dallas Mavericks,Maroussi B.C. (Greece),2004,2,21,50
Christian Drejer,New Jersey Nets,FC Barcelona Basquet (Spain),2004,2,22,51
Romain Sato,San Antonio Spurs,Xavier,2004,2,23,52
Matt Freije,Miami Heat,Vanderbilt,2004,2,24,53
Rickey Paulding,Detroit Pistons,Missouri,2004,2,25,54
Luis Flores,Houston Rockets,Manhattan,2004,2,26,55
Marcus Douthit,Los Angeles Lakers,Providence,2004,2,27,56
Sergei Karaulov,San Antonio Spurs,Sakha-Yakutia Yakutsk (Russia),2004,2,28,57
Blake Stepp,Minnesota Timberwolves,Gonzaga,2004,2,29,58
Rashad Wright,Indiana Pacers,Georgia,2004,2,30,59
LeBron James,Cleveland Cavaliers,Saint Vincent-Saint Mary,2003,1,1,1
Darko Milicic,Detroit Pistons,KK Vrsac (Serbia),2003,1,2,2
Carmelo Anthony,Denver Nuggets,Syracuse,2003,1,3,3
Chris Bosh,Toronto Raptors,Georgia Tech,2003,1,4,4
Dwyane Wade,Miami Heat,Marquette,2003,1,5,5
Chris Kaman,Los Angeles Clippers,Central Michigan,2003,1,6,6
Kirk Hinrich,Chicago Bulls,Kansas,2003,1,7,7
T.J. Ford,Milwaukee Bucks,Texas,2003,1,8,8
Michael Sweetney,New York Knicks,Georgetown,2003,1,9,9
Jarvis Hayes,Washington Wizards,Georgia,2003,1,10,10
Mickael Pietrus,Golden State Warriors,Elan Bearnais Pau-Orthez (France),2003,1,11,11
Nick Collison,Seattle SuperSonics,Kansas,2003,1,12,12
Marcus Banks,Memphis Grizzlies,Nevada-Las Vegas,2003,1,13,13
Luke Ridnour,Seattle SuperSonics,Oregon,2003,1,14,14
Reece Gaines,Orlando Magic,Louisville,2003,1,15,15
Troy Bell,Boston Celtics,Boston College,2003,1,16,16
Zarko Cabarkapa,Phoenix Suns,KK Buducnost Podgorica (Montenegro),2003,1,17,17
David West,New Orleans Hornets,Xavier,2003,1,18,18
Sasha Pavlovic,Utah Jazz,KK Buducnost Podgorica (Montenegro),2003,1,19,19
Dahntay Jones,Boston Celtics,Duke,2003,1,20,20
Boris Diaw,Atlanta Hawks,Elan Bearnais Pau-Orthez (France),2003,1,21,21
Zoran Planinic,New Jersey Nets,KK Cibona (Croatia),2003,1,22,22
Travis Outlaw,Portland Trail Blazers,Starkville,2003,1,23,23
Brian Cook,Los Angeles Lakers,Illinois,2003,1,24,24
Carlos Delfino,Detroit Pistons,Fortitudo Pallacanestro Bologna (Italy),2003,1,25,25
Ndudi Ebi,Minnesota Timberwolves,Westbury Christian School,2003,1,26,26
Kendrick Perkins,Memphis Grizzlies,Clifton J. Ozen,2003,1,27,27
Leandro Barbosa,San Antonio Spurs,Associacao Bauru Basketball Team (Brazil),2003,1,28,28
Josh Howard,Dallas Mavericks,Wake Forest,2003,1,29,29
Maciej Lampe,New York Knicks,Madrid (ESP),2003,2,1,30
Jason Kapono,Cleveland Cavaliers,California-Los Angeles,2003,2,2,31
Luke Walton,Los Angeles Lakers,Arizona,2003,2,3,32
Jerome Beasley,Miami Heat,North Dakota,2003,2,4,33
Sofoklis Schortsanitis,Los Angeles Clippers,Iraklis Thessaloniki B.C. (Greece),2003,2,5,34
Szymon Szewczyk,Milwaukee Bucks,Basketball Lowen Braunschweig (Germany),2003,2,6,35
Mario Austin,Chicago Bulls,Mississippi State,2003,2,7,36
Travis Hansen,Atlanta Hawks,Brigham Young,2003,2,8,37
Steve Blake,Washington Wizards,Maryland,2003,2,9,38
Slavko Vranes,New York Knicks,KK Buducnost Podgorica (Montenegro),2003,2,10,39
Derrick Zimmerman,Golden State Warriors,Mississippi State,2003,2,11,40
Willie Green,Seattle SuperSonics,Detroit Mercy,2003,2,12,41
Zaza Pachulia,Orlando Magic,Ulkerspor (Turkey),2003,2,13,42
Keith Bogans,Milwaukee Bucks,Kentucky,2003,2,14,43
Malick Badiane,Houston Rockets,TV Langen (Germany),2003,2,15,44
Matt Bonner,Chicago Bulls,Florida,2003,2,16,45
Sani Becirovic,Denver Nuggets,Virtus Pallacanestro Bologna (Italy),2003,2,17,46
Mo Williams,Utah Jazz,Alabama,2003,2,18,47
James Lang,New Orleans Hornets,Central Park Christian,2003,2,19,48
James Jones,Indiana Pacers,Miami (FL),2003,2,20,49
Paccelis Morlende,Philadelphia 76ers,JDA Dijon Basket (France),2003,2,21,50
Kyle Korver,New Jersey Nets,Creighton,2003,2,22,51
Remon Van de Hare,Toronto Raptors,FC Barcelona Basquet (Spain),2003,2,23,52
Tommy Smith,Chicago Bulls,Arizona State,2003,2,24,53
Nedzad Sinanovic,Portland Trail Blazers,HKK Brotnjo (Bosnia and Herzegovina),2003,2,25,54
Rick Rickert,Minnesota Timberwolves,Minnesota,2003,2,26,55
Brandon Hunter,Boston Celtics,Ohio,2003,2,27,56
Xue Yuyang,Dallas Mavericks,Hong Kong Flying Dragons (China),2003,2,28,57
Andreas Glyniadakis,Detroit Pistons,A.E.K. Athens B.C. (Greece),2003,2,29,58
Yao Ming,Houston Rockets,Shanghai Sharks (China),2002,1,1,1
Jay Williams,Chicago Bulls,Duke,2002,1,2,2
Mike Dunleavy,Golden State Warriors,Duke,2002,1,3,3
Drew Gooden,Memphis Grizzlies,Kansas,2002,1,4,4
Nikoloz Tskitishvili,Denver Nuggets,Universo Treviso Basket (Italy),2002,1,5,5
Dajuan Wagner,Cleveland Cavaliers,Memphis,2002,1,6,6
Nene,New York Knicks,CR Vasco da Gama (Brazil),2002,1,7,7
Chris Wilcox,Los Angeles Clippers,Maryland,2002,1,8,8
Amar'e Stoudemire,Phoenix Suns,Cypress Creek,2002,1,9,9
Caron Butler,Miami Heat,Connecticut,2002,1,10,10
Jared Jeffries,Washington Wizards,Indiana,2002,1,11,11
Melvin Ely,Los Angeles Clippers,Fresno State,2002,1,12,12
Marcus Haislip,Milwaukee Bucks,Tennessee,2002,1,13,13
Fred Jones,Indiana Pacers,Oregon,2002,1,14,14
Bostjan Nachbar,Houston Rockets,Universo Treviso Basket (Italy),2002,1,15,15
Jiri Welsch,Philadelphia 76ers,KK Olimpija (Slovenia),2002,1,16,16
Juan Dixon,Washington Wizards,Maryland,2002,1,17,17
Curtis Borchardt,Orlando Magic,Stanford,2002,1,18,18
Ryan Humphrey,Utah Jazz,Notre Dame,2002,1,19,19
Kareem Rush,Toronto Raptors,Missouri,2002,1,20,20
Qyntel Woods,Portland Trail Blazers,Northeast Mississippi Community College,2002,1,21,21
Casey Jacobsen,Phoenix Suns,Stanford,2002,1,22,22
Tayshaun Prince,Detroit Pistons,Kentucky,2002,1,23,23
Nenad Krstic,New Jersey Nets,KK Partizan (Serbia),2002,1,24,24
Frank Williams,Denver Nuggets,Illinois,2002,1,25,25
John Salmons,San Antonio Spurs,Miami (FL),2002,1,26,26
Chris Jefferies,Los Angeles Lakers,Fresno State,2002,1,27,27
Dan Dickau,Sacramento Kings,Gonzaga,2002,1,28,28
Steve Logan,Golden State Warriors,Cincinnati,2002,2,1,29
Roger Mason Jr.,Chicago Bulls,Virginia,2002,2,2,30
Robert Archibald,Memphis Grizzlies,Illinois,2002,2,3,31
Vincent Yarbrough,Denver Nuggets,Tennessee,2002,2,4,32
Dan Gadzuric,Milwaukee Bucks,California-Los Angeles,2002,2,5,33
Carlos Boozer,Cleveland Cavaliers,Duke,2002,2,6,34
Milos Vujanic,New York Knicks,KK Partizan (Serbia),2002,2,7,35
David Andersen,Atlanta Hawks,Virtus Pallacanestro Bologna (Italy),2002,2,8,36
Tito Maddox,Houston Rockets,Fresno State,2002,2,9,37
Rod Grizzard,Washington Wizards,Alabama,2002,2,10,38
Juan Carlos Navarro,Washington Wizards,FC Barcelona Basquet (Spain),2002,2,11,39
Mario Kasun,Los Angeles Clippers,Skyliners Frankfurt (Germany),2002,2,12,40
Flip Murray,Milwaukee Bucks,Shaw,2002,2,13,41
Jason Jennings,Portland Trail Blazers,Arkansas State,2002,2,14,42
Lonny Baxter,Chicago Bulls,Maryland,2002,2,15,43
Sam Clancy,Philadelphia 76ers,Southern California,2002,2,16,44
Matt Barnes,Memphis Grizzlies,California-Los Angeles,2002,2,17,45
Jamal Sampson,Utah Jazz,California,2002,2,18,46
Chris Owens,Milwaukee Bucks,Texas,2002,2,19,47
Peter Fehse,Seattle SuperSonics,SV Halle (Germany),2002,2,20,48
Darius Songaila,Boston Celtics,Wake Forest,2002,2,21,49
Federico Kammerichs,Portland Trail Blazers,Club Ourense Baloncesto (Spain),2002,2,22,50
Marcus Taylor,Minnesota Timberwolves,Michigan State,2002,2,23,51
Rasual Butler,Miami Heat,La Salle,2002,2,24,52
Tamar Slay,New Jersey Nets,Marshall,2002,2,25,53
Mladen Sekularac,Dallas Mavericks,KK FMP (Serbia),2002,2,26,54
Luis Scola,San Antonio Spurs,Saski Baskonia (Spain),2002,2,27,55
Randy Holcomb,San Antonio Spurs,San Diego State,2002,2,28,56
Corsley Edwards,Sacramento Kings,Central Connecticut State,2002,2,29,57
Kwame Brown,Washington Wizards,Glynn Academy,2001,1,1,1
Tyson Chandler,Los Angeles Clippers,Dominguez,2001,1,2,2
Pau Gasol,Atlanta Hawks,FC Barcelona Basquet (Spain),2001,1,3,3
Eddy Curry,Chicago Bulls,Thornwood,2001,1,4,4
Jason Richardson,Golden State Warriors,Michigan State,2001,1,5,5
Shane Battier,Memphis Grizzlies,Duke,2001,1,6,6
Eddie Griffin,New Jersey Nets,Seton Hall,2001,1,7,7
DeSagana Diop,Cleveland Cavaliers,Oak Hill Academy,2001,1,8,8
Rodney White,Detroit Pistons,North Carolina-Charlotte,2001,1,9,9
Joe Johnson,Boston Celtics,Arkansas,2001,1,10,10
Kedrick Brown,Boston Celtics,Northwest Florida State,2001,1,11,11
Vladimir Radmanovic,Seattle SuperSonics,KK FMP (Serbia),2001,1,12,12
Richard Jefferson,Houston Rockets,Arizona,2001,1,13,13
Troy Murphy,Golden State Warriors,Notre Dame,2001,1,14,14
Steven Hunter,Orlando Magic,DePaul,2001,1,15,15
Kirk Haston,Charlotte Hornets,Indiana,2001,1,16,16
Michael Bradley,Toronto Raptors,Villanova,2001,1,17,17
Jason Collins,Houston Rockets,Stanford,2001,1,18,18
Zach Randolph,Portland Trail Blazers,Michigan State,2001,1,19,19
Brendan Haywood,Cleveland Cavaliers,North Carolina,2001,1,20,20
Joseph Forte,Boston Celtics,North Carolina,2001,1,21,21
Jeryl Sasser,Orlando Magic,Southern Methodist,2001,1,22,22
Brandon Armstrong,Houston Rockets,Pepperdine,2001,1,23,23
Raul Lopez,Utah Jazz,Real Madrid Baloncesto (Spain),2001,1,24,24
Gerald Wallace,Sacramento Kings,Alabama,2001,1,25,25
Samuel Dalembert,Philadelphia 76ers,Seton Hall,2001,1,26,26
Jamaal Tinsley,Memphis Grizzlies,Iowa State,2001,1,27,27
Tony Parker,San Antonio Spurs,Paris Basket Racing (France),2001,1,28,28
Trenton Hassell,Chicago Bulls,Austin Peay,2001,2,1,29
Gilbert Arenas,Golden State Warriors,Arizona,2001,2,2,30
Omar Cook,Orlando Magic,St. John's (NY),2001,2,3,31
Will Solomon,Memphis Grizzlies,Clemson,2001,2,4,32
Terence Morris,Atlanta Hawks,Maryland,2001,2,5,33
Brian Scalabrine,New Jersey Nets,Southern California,2001,2,6,34
Jeff Trepagnier,Cleveland Cavaliers,Southern California,2001,2,7,35
Damone Brown,Philadelphia 76ers,Syracuse,2001,2,8,36
Mehmet Okur,Detroit Pistons,Anadolu Efes S.K. (Turkey),2001,2,9,37
Michael Wright,New York Knicks,Arizona,2001,2,10,38
Earl Watson,Seattle SuperSonics,California-Los Angeles,2001,2,11,39
Jamison Brewer,Indiana Pacers,Auburn,2001,2,12,40
Bobby Simmons,Seattle SuperSonics,DePaul,2001,2,13,41
Eric Chenowith,New York Knicks,Kansas,2001,2,14,42
Kyle Hill,Dallas Mavericks,Eastern Illinois,2001,2,15,43
Sean Lampley,Chicago Bulls,California,2001,2,16,44
Loren Woods,Minnesota Timberwolves,Arizona,2001,2,17,45
Ousmane Cisse,Denver Nuggets,St. Jude Educational Institute,2001,2,18,46
Antonis Fotsis,Memphis Grizzlies,Panathinaikos B.C. (Greece),2001,2,19,47
Ken Johnson,Miami Heat,Ohio State,2001,2,20,48
Ruben Boumtje-Boumtje,Portland Trail Blazers,Georgetown,2001,2,21,49
Alton Ford,Phoenix Suns,Houston,2001,2,22,50
Andre Hutson,Milwaukee Bucks,Michigan State,2001,2,23,51
Jarron Collins,Utah Jazz,Stanford,2001,2,24,52
Kenny Satterfield,Dallas Mavericks,Cincinnati,2001,2,25,53
Maurice Jeffers,Sacramento Kings,Saint Louis,2001,2,26,54
Robertas Javtokas,San Antonio Spurs,BC Lietuvos rytas (Lithuania),2001,2,27,55
Alvin Jones,Philadelphia 76ers,Georgia Tech,2001,2,28,56
Bryan Bracey,San Antonio Spurs,Oregon,2001,2,29,57
Kenyon Martin,New Jersey Nets,Cincinnati,2000,1,1,1
Stromile Swift,Vancouver Grizzlies,Louisiana State,2000,1,2,2
Darius Miles,Los Angeles Clippers,East St. Louis,2000,1,3,3
Marcus Fizer,Chicago Bulls,Iowa State,2000,1,4,4
Mike Miller,Orlando Magic,Florida,2000,1,5,5
DerMarr Johnson,Atlanta Hawks,Cincinnati,2000,1,6,6
Chris Mihm,Chicago Bulls,Texas,2000,1,7,7
Jamal Crawford,Cleveland Cavaliers,Michigan,2000,1,8,8
Joel Przybilla,Houston Rockets,Minnesota,2000,1,9,9
Keyon Dooling,Orlando Magic,Missouri,2000,1,10,10
Jerome Moiso,Boston Celtics,California-Los Angeles,2000,1,11,11
Etan Thomas,Dallas Mavericks,Syracuse,2000,1,12,12
Courtney Alexander,Orlando Magic,Fresno State,2000,1,13,13
Mateen Cleaves,Detroit Pistons,Michigan State,2000,1,14,14
Jason Collier,Milwaukee Bucks,Georgia Tech,2000,1,15,15
Hedo Turkoglu,Sacramento Kings,Anadolu Efes S.K. (Turkey),2000,1,16,16
Desmond Mason,Seattle SuperSonics,Oklahoma State,2000,1,17,17
Quentin Richardson,Los Angeles Clippers,DePaul,2000,1,18,18
Jamaal Magloire,Charlotte Hornets,Kentucky,2000,1,19,19
Speedy Claxton,Philadelphia 76ers,Hofstra,2000,1,20,20
Morris Peterson,Toronto Raptors,Michigan State,2000,1,21,21
Donnell Harvey,New York Knicks,Florida,2000,1,22,22
DeShawn Stevenson,Utah Jazz,Washington Union,2000,1,23,23
Dalibor Bagaric,Chicago Bulls,KK Dubrava (Croatia),2000,1,24,24
Jake Tsakalidis,Phoenix Suns,A.E.K. Athens B.C. (Greece),2000,1,25,25
Mamadou N'diaye,Denver Nuggets,Auburn,2000,1,26,26
Primoz Brezec,Indiana Pacers,KK Olimpija (Slovenia),2000,1,27,27
Erick Barkley,Portland Trail Blazers,St. John's (NY),2000,1,28,28
Mark Madsen,Los Angeles Lakers,Stanford,2000,1,29,29
Marko Jaric,Los Angeles Clippers,Fortitudo Pallacanestro Bologna (Italy),2000,2,1,30
Dan Langhi,Dallas Mavericks,Vanderbilt,2000,2,2,31
A.J. Guyton,Chicago Bulls,Indiana,2000,2,3,32
Jake Voskuhl,Chicago Bulls,Connecticut,2000,2,4,33
Khalid El-Amin,Chicago Bulls,Connecticut,2000,2,5,34
Mike Smith,Washington Wizards,Louisiana-Monroe,2000,2,6,35
Soumaila Samake,New Jersey Nets,Cincinnati Stuff (IBL),2000,2,7,36
Eddie House,Miami Heat,Arizona State,2000,2,8,37
Eduardo Najera,Houston Rockets,Oklahoma,2000,2,9,38
Lavor Postell,New York Knicks,St. John's (NY),2000,2,10,39
Hanno Mottola,Atlanta Hawks,Utah,2000,2,11,40
Chris Carrawell,San Antonio Spurs,Duke,2000,2,12,41
Olumide Oyedeji,Seattle SuperSonics,DJK Wurzburg (Germany),2000,2,13,42
Michael Redd,Milwaukee Bucks,Ohio State,2000,2,14,43
Brian Cardinal,Detroit Pistons,Purdue,2000,2,15,44
Jabari Smith,Sacramento Kings,Louisiana State,2000,2,16,45
DeeAndre Hulett,Toronto Raptors,Las Vegas Silver Bandits (IBL),2000,2,17,46
Josip Sesar,Seattle SuperSonics,KK Cibona (Croatia),2000,2,18,47
Mark Karcher,Philadelphia 76ers,Temple,2000,2,19,48
Jason Hart,Milwaukee Bucks,Syracuse,2000,2,20,49
Kaniel Dickens,Utah Jazz,Idaho,2000,2,21,50
Igor Rakocevic,Minnesota Timberwolves,Red Star Belgrade (Serbia),2000,2,22,51
Ernest Brown,Miami Heat,Indian Hills Community College,2000,2,23,52
Dan McClintock,Denver Nuggets,Northern Arizona,2000,2,24,53
Cory Hightower,San Antonio Spurs,Indian Hills Community College,2000,2,25,54
Chris Porter,Golden State Warriors,Auburn,2000,2,26,55
Jaquay Walls,Indiana Pacers,Colorado,2000,2,27,56
Scoonie Penn,Atlanta Hawks,Ohio State,2000,2,28,57
Pete Mickeal,Dallas Mavericks,Cincinnati,2000,2,29,58